sourcemonth,srcm_month,open_year,segment,hori,horitext,rmsincns,rmsfnlpl,rmsplnnn,rmstotal,open,close,adds,drop,cin,cout,netchg
2007-12-01,Dec,2008-01-01,luxus,1,Yr1 (Next year),4234,0,0,4234,6050,0,631,115,3277,2254,7589
2007-12-01,Dec,2008-01-01,upuus,1,Yr1 (Next year),20201,1130,1722,23053,15204,119,1838,528,11309,5620,22084
2007-12-01,Dec,2008-01-01,upsus,1,Yr1 (Next year),39606,15520,7330,62456,32990,236,519,869,14616,19677,28342
2007-12-01,Dec,2008-01-01,midwus,1,Yr1 (Next year),10203,1414,3049,14666,NA,NA,NA,NA,NA,NA,NA
2007-12-01,Dec,2008-01-01,midwous,1,Yr1 (Next year),50671,19632,16587,86890,NA,NA,NA,NA,NA,NA,NA
2007-12-01,Dec,2008-01-01,ecous,1,Yr1 (Next year),10952,4896,1444,17292,11530,3312,1349,3155,43437,36151,13698
2007-12-01,Dec,2008-01-01,indus,1,Yr1 (Next year),30930,2933,7068,40931,24362,22782,9279,5091,67945,53086,20627
2007-12-01,Dec,2008-01-01,totus,1,Yr1 (Next year),166797,45525,37200,249522,153904,28919,15802,11305,188106,188106,129482
2007-12-01,Dec,2009-01-01,luxus,2,Yr2 (Year after next),3096,0,1815,4911,5569,0,526,135,2786,1231,7515
2007-12-01,Dec,2009-01-01,upuus,2,Yr2 (Year after next),6924,5439,8695,21058,11067,0,2099,430,7647,5025,15358
2007-12-01,Dec,2009-01-01,upsus,2,Yr2 (Year after next),7596,9475,38219,55290,38977,70,1106,672,16786,11644,44483
2007-12-01,Dec,2009-01-01,midwus,2,Yr2 (Year after next),968,1043,6888,8899,NA,NA,NA,NA,NA,NA,NA
2007-12-01,Dec,2009-01-01,midwous,2,Yr2 (Year after next),4197,7161,30945,42303,NA,NA,NA,NA,NA,NA,NA
2007-12-01,Dec,2009-01-01,ecous,2,Yr2 (Year after next),363,1073,1125,2561,10379,3028,1016,3795,40114,37147,7539
2007-12-01,Dec,2009-01-01,indus,2,Yr2 (Year after next),7084,4242,12899,24225,18093,24668,4700,5268,54852,55683,-7974
2007-12-01,Dec,2009-01-01,totus,2,Yr2 (Year after next),30228,28433,100586,159247,149236,30705,11174,12152,170830,170830,117553
2007-12-01,Dec,2010-01-01,luxus,3,Yr3,1367,200,225,1792,6686,0,818,190,1048,2145,6217
2007-12-01,Dec,2010-01-01,upuus,3,Yr3,3275,751,5346,9372,6367,0,206,258,7804,6191,7928
2007-12-01,Dec,2010-01-01,upsus,3,Yr3,164,661,2328,3153,18338,840,252,961,11924,7196,21517
2007-12-01,Dec,2010-01-01,midwus,3,Yr3,0,0,120,120,NA,NA,NA,NA,NA,NA,NA
2007-12-01,Dec,2010-01-01,midwous,3,Yr3,0,0,738,738,NA,NA,NA,NA,NA,NA,NA
2007-12-01,Dec,2010-01-01,ecous,3,Yr3,0,0,100,100,3966,4098,934,3341,39408,39604,-2735
2007-12-01,Dec,2010-01-01,indus,3,Yr3,9821,1125,11626,22572,5812,21131,4047,5358,72361,49065,6666
2007-12-01,Dec,2010-01-01,totus,3,Yr3,14627,2737,20483,37847,74544,28634,7165,13174,180739,180739,39901
2007-12-01,Dec,2011-01-01,luxus,4,Yr4 and later,0,0,2940,2940,1283,0,301,395,932,3358,-1237
2007-12-01,Dec,2011-01-01,upuus,4,Yr4 and later,0,1415,7360,8775,4073,0,1555,663,10596,6480,9081
2007-12-01,Dec,2011-01-01,upsus,4,Yr4 and later,0,783,7473,8256,8174,126,588,414,14332,14631,6924
2007-12-01,Dec,2011-01-01,midwus,4,Yr4 and later,0,538,1447,1985,NA,NA,NA,NA,NA,NA,NA
2007-12-01,Dec,2011-01-01,midwous,4,Yr4 and later,0,617,5993,6610,NA,NA,NA,NA,NA,NA,NA
2007-12-01,Dec,2011-01-01,ecous,4,Yr4 and later,0,922,2299,3221,1942,3858,1440,3346,41245,38692,-1269
2007-12-01,Dec,2011-01-01,indus,4,Yr4 and later,42,3015,134182,137239,5888,20258,4566,4501,72401,58028,68
2007-12-01,Dec,2011-01-01,totus,4,Yr4 and later,42,7290,161694,169026,37964,27755,10085,12301,241029,241029,10990
2008-12-01,Dec,2009-01-01,luxus,1,Yr1 (Next year),5749,430,0,6179,5569,0,526,135,2786,1231,7515
2008-12-01,Dec,2009-01-01,upuus,1,Yr1 (Next year),11821,880,500,13201,11067,0,2099,430,7647,5025,15358
2008-12-01,Dec,2009-01-01,upsus,1,Yr1 (Next year),44499,14857,4743,64099,38977,70,1106,672,16786,11644,44483
2008-12-01,Dec,2009-01-01,midwus,1,Yr1 (Next year),7873,4214,615,12702,NA,NA,NA,NA,NA,NA,NA
2008-12-01,Dec,2009-01-01,midwous,1,Yr1 (Next year),56603,25712,4887,87202,NA,NA,NA,NA,NA,NA,NA
2008-12-01,Dec,2009-01-01,ecous,1,Yr1 (Next year),10241,2711,1013,13965,10379,3028,1016,3795,40114,37147,7539
2008-12-01,Dec,2009-01-01,indus,1,Yr1 (Next year),18470,7168,2256,27894,18093,24668,4700,5268,54852,55683,-7974
2008-12-01,Dec,2009-01-01,totus,1,Yr1 (Next year),155256,55972,14014,225242,149236,30705,11174,12152,170830,170830,117553
2008-12-01,Dec,2010-01-01,luxus,2,Yr2 (Year after next),1229,150,1837,3216,6686,0,818,190,1048,2145,6217
2008-12-01,Dec,2010-01-01,upuus,2,Yr2 (Year after next),5635,1668,8951,16254,6367,0,206,258,7804,6191,7928
2008-12-01,Dec,2010-01-01,upsus,2,Yr2 (Year after next),7554,10274,58023,75851,18338,840,252,961,11924,7196,21517
2008-12-01,Dec,2010-01-01,midwus,2,Yr2 (Year after next),630,299,14050,14979,NA,NA,NA,NA,NA,NA,NA
2008-12-01,Dec,2010-01-01,midwous,2,Yr2 (Year after next),2384,5185,70574,78143,NA,NA,NA,NA,NA,NA,NA
2008-12-01,Dec,2010-01-01,ecous,2,Yr2 (Year after next),201,0,1068,1269,3966,4098,934,3341,39408,39604,-2735
2008-12-01,Dec,2010-01-01,indus,2,Yr2 (Year after next),7261,1993,8432,17686,5812,21131,4047,5358,72361,49065,6666
2008-12-01,Dec,2010-01-01,totus,2,Yr2 (Year after next),24894,19569,162935,207398,74544,28634,7165,13174,180739,180739,39901
2008-12-01,Dec,2011-01-01,luxus,3,Yr3,517,225,2005,2747,1283,0,301,395,932,3358,-1237
2008-12-01,Dec,2011-01-01,upuus,3,Yr3,1530,502,3408,5440,4073,0,1555,663,10596,6480,9081
2008-12-01,Dec,2011-01-01,upsus,3,Yr3,0,844,1295,2139,8174,126,588,414,14332,14631,6924
2008-12-01,Dec,2011-01-01,midwus,3,Yr3,0,0,245,245,NA,NA,NA,NA,NA,NA,NA
2008-12-01,Dec,2011-01-01,midwous,3,Yr3,0,0,109,109,NA,NA,NA,NA,NA,NA,NA
2008-12-01,Dec,2011-01-01,ecous,3,Yr3,0,0,102,102,1942,3858,1440,3346,41245,38692,-1269
2008-12-01,Dec,2011-01-01,indus,3,Yr3,2350,445,4850,7645,5888,20258,4566,4501,72401,58028,68
2008-12-01,Dec,2011-01-01,totus,3,Yr3,4397,2016,12014,18427,37964,27755,10085,12301,241029,241029,10990
2008-12-01,Dec,2012-01-01,luxus,4,Yr4 and later,0,0,1211,1211,276,0,271,305,3216,2117,1341
2008-12-01,Dec,2012-01-01,upuus,4,Yr4 and later,0,830,6368,7198,2779,692,623,1027,8741,14045,-3621
2008-12-01,Dec,2012-01-01,upsus,4,Yr4 and later,287,921,8482,9690,9786,222,2030,327,26808,23157,14918
2008-12-01,Dec,2012-01-01,midwus,4,Yr4 and later,0,543,2092,2635,NA,NA,NA,NA,NA,NA,NA
2008-12-01,Dec,2012-01-01,midwous,4,Yr4 and later,185,1789,8267,10241,NA,NA,NA,NA,NA,NA,NA
2008-12-01,Dec,2012-01-01,ecous,4,Yr4 and later,0,4527,3029,7556,3396,3810,1916,3425,52726,63321,-12518
2008-12-01,Dec,2012-01-01,indus,4,Yr4 and later,100,2372,120822,123294,9154,16207,4599,4548,65792,55075,3715
2008-12-01,Dec,2012-01-01,totus,4,Yr4 and later,572,10982,150271,161825,45408,23358,10842,12551,208349,208349,20341
2009-12-01,Dec,2010-01-01,luxus,1,Yr1 (Next year),3050,284,0,3334,6686,0,818,190,1048,2145,6217
2009-12-01,Dec,2010-01-01,upuus,1,Yr1 (Next year),7337,430,0,7767,6367,0,206,258,7804,6191,7928
2009-12-01,Dec,2010-01-01,upsus,1,Yr1 (Next year),22667,15201,0,37868,18338,840,252,961,11924,7196,21517
2009-12-01,Dec,2010-01-01,midwus,1,Yr1 (Next year),5967,3877,0,9844,NA,NA,NA,NA,NA,NA,NA
2009-12-01,Dec,2010-01-01,midwous,1,Yr1 (Next year),31263,17042,0,48305,NA,NA,NA,NA,NA,NA,NA
2009-12-01,Dec,2010-01-01,ecous,1,Yr1 (Next year),3567,526,0,4093,3966,4098,934,3341,39408,39604,-2735
2009-12-01,Dec,2010-01-01,indus,1,Yr1 (Next year),10314,3303,0,13617,5812,21131,4047,5358,72361,49065,6666
2009-12-01,Dec,2010-01-01,totus,1,Yr1 (Next year),84165,40663,0,124828,74544,28634,7165,13174,180739,180739,39901
2009-12-01,Dec,2011-01-01,luxus,2,Yr2 (Year after next),230,797,1123,2150,1283,0,301,395,932,3358,-1237
2009-12-01,Dec,2011-01-01,upuus,2,Yr2 (Year after next),1912,2040,3640,7592,4073,0,1555,663,10596,6480,9081
2009-12-01,Dec,2011-01-01,upsus,2,Yr2 (Year after next),2051,6969,31302,40322,8174,126,588,414,14332,14631,6924
2009-12-01,Dec,2011-01-01,midwus,2,Yr2 (Year after next),0,352,9547,9899,NA,NA,NA,NA,NA,NA,NA
2009-12-01,Dec,2011-01-01,midwous,2,Yr2 (Year after next),1993,5743,52123,59859,NA,NA,NA,NA,NA,NA,NA
2009-12-01,Dec,2011-01-01,ecous,2,Yr2 (Year after next),1281,1177,508,2966,1942,3858,1440,3346,41245,38692,-1269
2009-12-01,Dec,2011-01-01,indus,2,Yr2 (Year after next),1962,169,5911,8042,5888,20258,4566,4501,72401,58028,68
2009-12-01,Dec,2011-01-01,totus,2,Yr2 (Year after next),9429,17247,104154,130830,37964,27755,10085,12301,241029,241029,10990
2009-12-01,Dec,2012-01-01,luxus,3,Yr3,445,0,0,445,276,0,271,305,3216,2117,1341
2009-12-01,Dec,2012-01-01,upuus,3,Yr3,1316,0,1529,2845,2779,692,623,1027,8741,14045,-3621
2009-12-01,Dec,2012-01-01,upsus,3,Yr3,204,541,0,745,9786,222,2030,327,26808,23157,14918
2009-12-01,Dec,2012-01-01,midwus,3,Yr3,48,0,100,148,NA,NA,NA,NA,NA,NA,NA
2009-12-01,Dec,2012-01-01,midwous,3,Yr3,119,0,0,119,NA,NA,NA,NA,NA,NA,NA
2009-12-01,Dec,2012-01-01,ecous,3,Yr3,0,0,0,0,3396,3810,1916,3425,52726,63321,-12518
2009-12-01,Dec,2012-01-01,indus,3,Yr3,0,649,409,1058,9154,16207,4599,4548,65792,55075,3715
2009-12-01,Dec,2012-01-01,totus,3,Yr3,2132,1190,2038,5360,45408,23358,10842,12551,208349,208349,20341
2009-12-01,Dec,2013-01-01,luxus,4,Yr4 and later,0,0,627,627,1198,277,103,140,2674,2047,1511
2009-12-01,Dec,2013-01-01,upuus,4,Yr4 and later,460,1619,3216,5295,4607,402,978,1312,14334,12194,6011
2009-12-01,Dec,2013-01-01,upsus,4,Yr4 and later,0,2834,9656,12490,16972,1034,488,1718,20851,10701,24858
2009-12-01,Dec,2013-01-01,midwus,4,Yr4 and later,170,830,1812,2812,NA,NA,NA,NA,NA,NA,NA
2009-12-01,Dec,2013-01-01,midwous,4,Yr4 and later,72,2681,9528,12281,NA,NA,NA,NA,NA,NA,NA
2009-12-01,Dec,2013-01-01,ecous,4,Yr4 and later,0,767,3183,3950,2970,5261,1442,3274,60510,54321,2066
2009-12-01,Dec,2013-01-01,indus,4,Yr4 and later,874,2471,99272,102617,8307,16e3,2795,5119,63476,64343,-10884
2009-12-01,Dec,2013-01-01,totus,4,Yr4 and later,1576,11202,127294,140072,57324,25899,7117,14096,206694,206694,24446
2010-12-01,Dec,2011-01-01,luxus,1,Yr1 (Next year),0,0,0,0,1283,0,301,395,932,3358,-1237
2010-12-01,Dec,2011-01-01,upuus,1,Yr1 (Next year),3287,761,125,4173,4073,0,1555,663,10596,6480,9081
2010-12-01,Dec,2011-01-01,upsus,1,Yr1 (Next year),9781,4050,851,14682,8174,126,588,414,14332,14631,6924
2010-12-01,Dec,2011-01-01,midwus,1,Yr1 (Next year),3731,2713,1743,8187,NA,NA,NA,NA,NA,NA,NA
2010-12-01,Dec,2011-01-01,midwous,1,Yr1 (Next year),17130,19689,2828,39647,NA,NA,NA,NA,NA,NA,NA
2010-12-01,Dec,2011-01-01,ecous,1,Yr1 (Next year),1312,337,56,1705,1942,3858,1440,3346,41245,38692,-1269
2010-12-01,Dec,2011-01-01,indus,1,Yr1 (Next year),4720,1704,929,7353,5888,20258,4566,4501,72401,58028,68
2010-12-01,Dec,2011-01-01,totus,1,Yr1 (Next year),39961,29254,6532,75747,37964,27755,10085,12301,241029,241029,10990
2010-12-01,Dec,2012-01-01,luxus,2,Yr2 (Year after next),655,525,594,1774,276,0,271,305,3216,2117,1341
2010-12-01,Dec,2012-01-01,upuus,2,Yr2 (Year after next),2171,799,2153,5123,2779,692,623,1027,8741,14045,-3621
2010-12-01,Dec,2012-01-01,upsus,2,Yr2 (Year after next),2380,2591,21611,26582,9786,222,2030,327,26808,23157,14918
2010-12-01,Dec,2012-01-01,midwus,2,Yr2 (Year after next),464,157,7905,8526,NA,NA,NA,NA,NA,NA,NA
2010-12-01,Dec,2012-01-01,midwous,2,Yr2 (Year after next),1843,2326,39153,43322,NA,NA,NA,NA,NA,NA,NA
2010-12-01,Dec,2012-01-01,ecous,2,Yr2 (Year after next),236,489,430,1155,3396,3810,1916,3425,52726,63321,-12518
2010-12-01,Dec,2012-01-01,indus,2,Yr2 (Year after next),2193,3028,3250,8471,9154,16207,4599,4548,65792,55075,3715
2010-12-01,Dec,2012-01-01,totus,2,Yr2 (Year after next),9942,9915,75096,94953,45408,23358,10842,12551,208349,208349,20341
2010-12-01,Dec,2013-01-01,luxus,3,Yr3,0,0,0,0,1198,277,103,140,2674,2047,1511
2010-12-01,Dec,2013-01-01,upuus,3,Yr3,0,1350,0,1350,4607,402,978,1312,14334,12194,6011
2010-12-01,Dec,2013-01-01,upsus,3,Yr3,0,117,971,1088,16972,1034,488,1718,20851,10701,24858
2010-12-01,Dec,2013-01-01,midwus,3,Yr3,0,0,0,0,NA,NA,NA,NA,NA,NA,NA
2010-12-01,Dec,2013-01-01,midwous,3,Yr3,0,80,0,80,NA,NA,NA,NA,NA,NA,NA
2010-12-01,Dec,2013-01-01,ecous,3,Yr3,0,0,0,0,2970,5261,1442,3274,60510,54321,2066
2010-12-01,Dec,2013-01-01,indus,3,Yr3,250,740,619,1609,8307,16e3,2795,5119,63476,64343,-10884
2010-12-01,Dec,2013-01-01,totus,3,Yr3,250,2287,1590,4127,57324,25899,7117,14096,206694,206694,24446
2010-12-01,Dec,2014-01-01,luxus,4,Yr4 and later,0,400,1976,2376,1106,0,274,105,4073,2390,2958
2010-12-01,Dec,2014-01-01,upuus,4,Yr4 and later,1175,0,2911,4086,4150,638,550,455,8816,7311,5112
2010-12-01,Dec,2014-01-01,upsus,4,Yr4 and later,109,6746,23598,30453,19936,783,580,739,11371,9266,21099
2010-12-01,Dec,2014-01-01,midwus,4,Yr4 and later,182,594,714,1490,NA,NA,NA,NA,NA,NA,NA
2010-12-01,Dec,2014-01-01,midwous,4,Yr4 and later,92,4596,13091,17779,NA,NA,NA,NA,NA,NA,NA
2010-12-01,Dec,2014-01-01,ecous,4,Yr4 and later,0,212,834,1046,3780,4853,1337,3303,45648,43992,-1383
2010-12-01,Dec,2014-01-01,indus,4,Yr4 and later,203,4190,80893,85286,7173,20341,5651,4538,67075,58718,-3698
2010-12-01,Dec,2014-01-01,totus,4,Yr4 and later,1761,16738,124017,142516,63981,31787,9900,11761,187976,187976,30333
2011-12-01,Dec,2012-01-01,luxus,1,Yr1 (Next year),1003,149,0,1152,276,0,271,305,3216,2117,1341
2011-12-01,Dec,2012-01-01,upuus,1,Yr1 (Next year),3734,328,0,4062,2779,692,623,1027,8741,14045,-3621
2011-12-01,Dec,2012-01-01,upsus,1,Yr1 (Next year),12894,5382,0,18276,9786,222,2030,327,26808,23157,14918
2011-12-01,Dec,2012-01-01,upmus,1,Yr1 (Next year),12973,11296,0,24269,16409,1486,725,1704,24816,26191,12569
2011-12-01,Dec,2012-01-01,midus,1,Yr1 (Next year),2518,10661,0,13179,3608,941,678,1215,26250,24443,3937
2011-12-01,Dec,2012-01-01,ecous,1,Yr1 (Next year),734,319,0,1053,3396,3810,1916,3425,52726,63321,-12518
2011-12-01,Dec,2012-01-01,indus,1,Yr1 (Next year),6515,1785,0,8300,9154,16207,4599,4548,65792,55075,3715
2011-12-01,Dec,2012-01-01,totus,1,Yr1 (Next year),40371,29920,0,70291,45408,23358,10842,12551,208349,208349,20341
2011-12-01,Dec,2013-01-01,luxus,2,Yr2 (Year after next),210,840,261,1311,1198,277,103,140,2674,2047,1511
2011-12-01,Dec,2013-01-01,upuus,2,Yr2 (Year after next),2306,2906,1010,6222,4607,402,978,1312,14334,12194,6011
2011-12-01,Dec,2013-01-01,upsus,2,Yr2 (Year after next),3189,22384,11959,37532,16972,1034,488,1718,20851,10701,24858
2011-12-01,Dec,2013-01-01,upmus,2,Yr2 (Year after next),2864,18307,11194,32365,19839,1095,795,972,21700,37457,2810
2011-12-01,Dec,2013-01-01,midus,2,Yr2 (Year after next),42,2863,3367,6272,3431,1830,516,1561,23149,25631,-1926
2011-12-01,Dec,2013-01-01,ecous,2,Yr2 (Year after next),140,904,335,1379,2970,5261,1442,3274,60510,54321,2066
2011-12-01,Dec,2013-01-01,indus,2,Yr2 (Year after next),1394,3915,809,6118,8307,16e3,2795,5119,63476,64343,-10884
2011-12-01,Dec,2013-01-01,totus,2,Yr2 (Year after next),10145,52119,28935,91199,57324,25899,7117,14096,206694,206694,24446
2011-12-01,Dec,2014-01-01,luxus,3,Yr3,444,0,0,444,1106,0,274,105,4073,2390,2958
2011-12-01,Dec,2014-01-01,upuus,3,Yr3,1175,208,4003,5386,4150,638,550,455,8816,7311,5112
2011-12-01,Dec,2014-01-01,upsus,3,Yr3,168,726,11119,12013,19936,783,580,739,11371,9266,21099
2011-12-01,Dec,2014-01-01,upmus,3,Yr3,243,0,13533,13776,23563,2041,917,1187,24381,35618,10015
2011-12-01,Dec,2014-01-01,midus,3,Yr3,0,0,88,88,4273,3131,591,1434,26612,30681,-3770
2011-12-01,Dec,2014-01-01,ecous,3,Yr3,0,0,157,157,3780,4853,1337,3303,45648,43992,-1383
2011-12-01,Dec,2014-01-01,indus,3,Yr3,0,1424,1105,2529,7173,20341,5651,4538,67075,58718,-3698
2011-12-01,Dec,2014-01-01,totus,3,Yr3,2030,2358,30005,34393,63981,31787,9900,11761,187976,187976,30333
2011-12-01,Dec,2015-01-01,luxus,4,Yr4 and later,0,1044,1683,2727,2225,0,261,377,3098,3899,1308
2011-12-01,Dec,2015-01-01,upuus,4,Yr4 and later,0,0,4365,4365,7882,221,478,254,14012,9733,12164
2011-12-01,Dec,2015-01-01,upsus,4,Yr4 and later,321,3295,4718,8334,26980,536,635,884,11894,11947,26142
2011-12-01,Dec,2015-01-01,upmus,4,Yr4 and later,594,8167,6791,15552,29135,1485,769,1114,18702,33153,12854
2011-12-01,Dec,2015-01-01,midus,4,Yr4 and later,351,5797,745,6893,6611,2538,620,1416,27398,26310,4365
2011-12-01,Dec,2015-01-01,ecous,4,Yr4 and later,0,448,1032,1480,4118,4078,636,2950,43566,42674,-1382
2011-12-01,Dec,2015-01-01,indus,4,Yr4 and later,291,7688,64451,72430,9813,15334,3209,3979,63593,54547,2755
2011-12-01,Dec,2015-01-01,totus,4,Yr4 and later,1557,26439,83785,111781,86764,24192,6608,10974,182263,182263,58206
2012-12-01,Dec,2013-01-01,luxus,1,Yr1 (Next year),900,0,0,900,1198,277,103,140,2674,2047,1511
2012-12-01,Dec,2013-01-01,upuus,1,Yr1 (Next year),4423,148,0,4571,4607,402,978,1312,14334,12194,6011
2012-12-01,Dec,2013-01-01,upsus,1,Yr1 (Next year),17919,11643,0,29562,16972,1034,488,1718,20851,10701,24858
2012-12-01,Dec,2013-01-01,upmus,1,Yr1 (Next year),18521,14911,0,33432,19839,1095,795,972,21700,37457,2810
2012-12-01,Dec,2013-01-01,midus,1,Yr1 (Next year),3076,3335,0,6411,3431,1830,516,1561,23149,25631,-1926
2012-12-01,Dec,2013-01-01,ecous,1,Yr1 (Next year),1016,1283,0,2299,2970,5261,1442,3274,60510,54321,2066
2012-12-01,Dec,2013-01-01,indus,1,Yr1 (Next year),7165,2961,0,10126,8307,16e3,2795,5119,63476,64343,-10884
2012-12-01,Dec,2013-01-01,totus,1,Yr1 (Next year),53020,34281,0,87301,57324,25899,7117,14096,206694,206694,24446
2012-12-01,Dec,2014-01-01,luxus,2,Yr2 (Year after next),2234,298,350,2882,1106,0,274,105,4073,2390,2958
2012-12-01,Dec,2014-01-01,upuus,2,Yr2 (Year after next),2397,2452,0,4849,4150,638,550,455,8816,7311,5112
2012-12-01,Dec,2014-01-01,upsus,2,Yr2 (Year after next),4276,11811,10865,26952,19936,783,580,739,11371,9266,21099
2012-12-01,Dec,2014-01-01,upmus,2,Yr2 (Year after next),1754,15268,19706,36728,23563,2041,917,1187,24381,35618,10015
2012-12-01,Dec,2014-01-01,midus,2,Yr2 (Year after next),267,1133,4628,6028,4273,3131,591,1434,26612,30681,-3770
2012-12-01,Dec,2014-01-01,ecous,2,Yr2 (Year after next),44,219,330,593,3780,4853,1337,3303,45648,43992,-1383
2012-12-01,Dec,2014-01-01,indus,2,Yr2 (Year after next),1266,4652,1966,7884,7173,20341,5651,4538,67075,58718,-3698
2012-12-01,Dec,2014-01-01,totus,2,Yr2 (Year after next),12238,35833,37845,85916,63981,31787,9900,11761,187976,187976,30333
2012-12-01,Dec,2015-01-01,luxus,3,Yr3,1412,1036,238,2686,2225,0,261,377,3098,3899,1308
2012-12-01,Dec,2015-01-01,upuus,3,Yr3,500,633,2688,3821,7882,221,478,254,14012,9733,12164
2012-12-01,Dec,2015-01-01,upsus,3,Yr3,216,1829,7839,9884,26980,536,635,884,11894,11947,26142
2012-12-01,Dec,2015-01-01,upmus,3,Yr3,113,530,8952,9595,29135,1485,769,1114,18702,33153,12854
2012-12-01,Dec,2015-01-01,midus,3,Yr3,0,0,0,0,6611,2538,620,1416,27398,26310,4365
2012-12-01,Dec,2015-01-01,ecous,3,Yr3,0,0,0,0,4118,4078,636,2950,43566,42674,-1382
2012-12-01,Dec,2015-01-01,indus,3,Yr3,250,3020,557,3827,9813,15334,3209,3979,63593,54547,2755
2012-12-01,Dec,2015-01-01,totus,3,Yr3,2491,7048,20274,29813,86764,24192,6608,10974,182263,182263,58206
2012-12-01,Dec,2016-01-01,luxus,4,Yr4 and later,0,0,1335,1335,3999,9,331,272,2283,2221,4111
2012-12-01,Dec,2016-01-01,upuus,4,Yr4 and later,0,302,2156,2458,8576,248,601,1139,11679,8004,11465
2012-12-01,Dec,2016-01-01,upsus,4,Yr4 and later,0,6460,6609,13069,31523,298,636,809,16687,7064,40675
2012-12-01,Dec,2016-01-01,upmus,4,Yr4 and later,56,4628,4976,9660,39904,1750,774,590,14921,29210,24049
2012-12-01,Dec,2016-01-01,midus,4,Yr4 and later,0,4621,1363,5984,4661,2555,407,1024,25420,23268,3641
2012-12-01,Dec,2016-01-01,ecous,4,Yr4 and later,0,545,958,1503,5001,4420,1047,2882,54076,51842,980
2012-12-01,Dec,2016-01-01,indus,4,Yr4 and later,118,7083,59837,67038,8418,11856,3413,4044,50352,53809,-7526
2012-12-01,Dec,2016-01-01,totus,4,Yr4 and later,174,23639,77234,101047,102082,21136,7209,10760,175418,175418,77395
2008-05-01,May,2008-01-01,luxus,0,Current year,2870,0,0,2870,6050,0,631,115,3277,2254,7589
2008-05-01,May,2008-01-01,upuus,0,Current year,9647,0,0,9647,15204,119,1838,528,11309,5620,22084
2008-05-01,May,2008-01-01,upsus,0,Current year,29445,5615,0,35060,32990,236,519,869,14616,19677,28342
2008-05-01,May,2008-01-01,midwus,0,Current year,6289,824,0,7113,NA,NA,NA,NA,NA,NA,NA
2008-05-01,May,2008-01-01,midwous,0,Current year,42421,9575,0,51996,NA,NA,NA,NA,NA,NA,NA
2008-05-01,May,2008-01-01,ecous,0,Current year,9992,5016,0,15008,11530,3312,1349,3155,43437,36151,13698
2008-05-01,May,2008-01-01,indus,0,Current year,21623,3242,0,24865,24362,22782,9279,5091,67945,53086,20627
2008-05-01,May,2008-01-01,totus,0,Current year,122287,24272,0,146559,153904,28919,15802,11305,188106,188106,129482
2008-05-01,May,2009-01-01,luxus,1,Yr1 (Next year),3080,120,1497,4697,5569,0,526,135,2786,1231,7515
2008-05-01,May,2009-01-01,upuus,1,Yr1 (Next year),9681,3523,5602,18806,11067,0,2099,430,7647,5025,15358
2008-05-01,May,2009-01-01,upsus,1,Yr1 (Next year),21272,23328,40118,84718,38977,70,1106,672,16786,11644,44483
2008-05-01,May,2009-01-01,midwus,1,Yr1 (Next year),2968,4412,10673,18053,NA,NA,NA,NA,NA,NA,NA
2008-05-01,May,2009-01-01,midwous,1,Yr1 (Next year),16097,27545,54115,97757,NA,NA,NA,NA,NA,NA,NA
2008-05-01,May,2009-01-01,ecous,1,Yr1 (Next year),1137,1705,5055,7897,10379,3028,1016,3795,40114,37147,7539
2008-05-01,May,2009-01-01,indus,1,Yr1 (Next year),10136,4103,18314,32553,18093,24668,4700,5268,54852,55683,-7974
2008-05-01,May,2009-01-01,totus,1,Yr1 (Next year),64371,64736,135374,264481,149236,30705,11174,12152,170830,170830,117553
2008-05-01,May,2010-01-01,luxus,2,Yr2 (Year after next),537,805,1067,2409,6686,0,818,190,1048,2145,6217
2008-05-01,May,2010-01-01,upuus,2,Yr2 (Year after next),3542,1070,7758,12370,6367,0,206,258,7804,6191,7928
2008-05-01,May,2010-01-01,upsus,2,Yr2 (Year after next),1402,984,20195,22581,18338,840,252,961,11924,7196,21517
2008-05-01,May,2010-01-01,midwus,2,Yr2 (Year after next),0,0,5265,5265,NA,NA,NA,NA,NA,NA,NA
2008-05-01,May,2010-01-01,midwous,2,Yr2 (Year after next),264,498,18712,19474,NA,NA,NA,NA,NA,NA,NA
2008-05-01,May,2010-01-01,ecous,2,Yr2 (Year after next),0,0,205,205,3966,4098,934,3341,39408,39604,-2735
2008-05-01,May,2010-01-01,indus,2,Yr2 (Year after next),10007,1538,7679,19224,5812,21131,4047,5358,72361,49065,6666
2008-05-01,May,2010-01-01,totus,2,Yr2 (Year after next),15752,4895,60881,81528,74544,28634,7165,13174,180739,180739,39901
2008-05-01,May,2011-01-01,luxus,3,Yr3 and later,769,0,2520,3289,1283,0,301,395,932,3358,-1237
2008-05-01,May,2011-01-01,upuus,3,Yr3 and later,1005,1190,8134,10329,4073,0,1555,663,10596,6480,9081
2008-05-01,May,2011-01-01,upsus,3,Yr3 and later,0,1189,6913,8102,8174,126,588,414,14332,14631,6924
2008-05-01,May,2011-01-01,midwus,3,Yr3 and later,0,206,2029,2235,NA,NA,NA,NA,NA,NA,NA
2008-05-01,May,2011-01-01,midwous,3,Yr3 and later,0,649,7551,8200,NA,NA,NA,NA,NA,NA,NA
2008-05-01,May,2011-01-01,ecous,3,Yr3 and later,125,6115,5028,11268,1942,3858,1440,3346,41245,38692,-1269
2008-05-01,May,2011-01-01,indus,3,Yr3 and later,2137,2798,131036,135971,5888,20258,4566,4501,72401,58028,68
2008-05-01,May,2011-01-01,totus,3,Yr3 and later,4036,12147,163211,179394,37964,27755,10085,12301,241029,241029,10990
2009-05-01,May,2009-01-01,luxus,0,Current year,3957,0,0,3957,5569,0,526,135,2786,1231,7515
2009-05-01,May,2009-01-01,upuus,0,Current year,7092,0,0,7092,11067,0,2099,430,7647,5025,15358
2009-05-01,May,2009-01-01,upsus,0,Current year,28150,0,0,28150,38977,70,1106,672,16786,11644,44483
2009-05-01,May,2009-01-01,midwus,0,Current year,6371,0,0,6371,NA,NA,NA,NA,NA,NA,NA
2009-05-01,May,2009-01-01,midwous,0,Current year,41227,0,0,41227,NA,NA,NA,NA,NA,NA,NA
2009-05-01,May,2009-01-01,ecous,0,Current year,5225,0,0,5225,10379,3028,1016,3795,40114,37147,7539
2009-05-01,May,2009-01-01,indus,0,Current year,15891,0,0,15891,18093,24668,4700,5268,54852,55683,-7974
2009-05-01,May,2009-01-01,totus,0,Current year,107913,0,0,107913,149236,30705,11174,12152,170830,170830,117553
2009-05-01,May,2010-01-01,luxus,1,Yr1 (Next year),1783,353,459,2595,6686,0,818,190,1048,2145,6217
2009-05-01,May,2010-01-01,upuus,1,Yr1 (Next year),7966,1906,2797,12669,6367,0,206,258,7804,6191,7928
2009-05-01,May,2010-01-01,upsus,1,Yr1 (Next year),13539,13647,33171,60357,18338,840,252,961,11924,7196,21517
2009-05-01,May,2010-01-01,midwus,1,Yr1 (Next year),2830,2870,9647,15347,NA,NA,NA,NA,NA,NA,NA
2009-05-01,May,2010-01-01,midwous,1,Yr1 (Next year),11458,23347,46462,81267,NA,NA,NA,NA,NA,NA,NA
2009-05-01,May,2010-01-01,ecous,1,Yr1 (Next year),513,858,1323,2694,3966,4098,934,3341,39408,39604,-2735
2009-05-01,May,2010-01-01,indus,1,Yr1 (Next year),7139,2152,5608,14899,5812,21131,4047,5358,72361,49065,6666
2009-05-01,May,2010-01-01,totus,1,Yr1 (Next year),45228,45133,99467,189828,74544,28634,7165,13174,180739,180739,39901
2009-05-01,May,2011-01-01,luxus,2,Yr2 (Year after next),413,0,2492,2905,1283,0,301,395,932,3358,-1237
2009-05-01,May,2011-01-01,upuus,2,Yr2 (Year after next),1645,1386,5374,8405,4073,0,1555,663,10596,6480,9081
2009-05-01,May,2011-01-01,upsus,2,Yr2 (Year after next),1237,1396,22957,25590,8174,126,588,414,14332,14631,6924
2009-05-01,May,2011-01-01,midwus,2,Yr2 (Year after next),0,0,3727,3727,NA,NA,NA,NA,NA,NA,NA
2009-05-01,May,2011-01-01,midwous,2,Yr2 (Year after next),0,541,17305,17846,NA,NA,NA,NA,NA,NA,NA
2009-05-01,May,2011-01-01,ecous,2,Yr2 (Year after next),703,0,484,1187,1942,3858,1440,3346,41245,38692,-1269
2009-05-01,May,2011-01-01,indus,2,Yr2 (Year after next),518,1091,9077,10686,5888,20258,4566,4501,72401,58028,68
2009-05-01,May,2011-01-01,totus,2,Yr2 (Year after next),4516,4414,61416,70346,37964,27755,10085,12301,241029,241029,10990
2009-05-01,May,2012-01-01,luxus,3,Yr3 and later,0,509,650,1159,276,0,271,305,3216,2117,1341
2009-05-01,May,2012-01-01,upuus,3,Yr3 and later,0,560,3317,3877,2779,692,623,1027,8741,14045,-3621
2009-05-01,May,2012-01-01,upsus,3,Yr3 and later,204,2722,10219,13145,9786,222,2030,327,26808,23157,14918
2009-05-01,May,2012-01-01,midwus,3,Yr3 and later,0,1101,2519,3620,NA,NA,NA,NA,NA,NA,NA
2009-05-01,May,2012-01-01,midwous,3,Yr3 and later,150,5451,11792,17393,NA,NA,NA,NA,NA,NA,NA
2009-05-01,May,2012-01-01,ecous,3,Yr3 and later,0,2597,4539,7136,3396,3810,1916,3425,52726,63321,-12518
2009-05-01,May,2012-01-01,indus,3,Yr3 and later,741,3829,103791,108361,9154,16207,4599,4548,65792,55075,3715
2009-05-01,May,2012-01-01,totus,3,Yr3 and later,1095,16769,136827,154691,45408,23358,10842,12551,208349,208349,20341
2010-05-01,May,2010-01-01,luxus,0,Current year,1712,0,0,1712,6686,0,818,190,1048,2145,6217
2010-05-01,May,2010-01-01,upuus,0,Current year,3001,0,0,3001,6367,0,206,258,7804,6191,7928
2010-05-01,May,2010-01-01,upsus,0,Current year,11296,0,0,11296,18338,840,252,961,11924,7196,21517
2010-05-01,May,2010-01-01,midwus,0,Current year,3751,0,0,3751,NA,NA,NA,NA,NA,NA,NA
2010-05-01,May,2010-01-01,midwous,0,Current year,22095,0,0,22095,NA,NA,NA,NA,NA,NA,NA
2010-05-01,May,2010-01-01,ecous,0,Current year,1658,0,0,1658,3966,4098,934,3341,39408,39604,-2735
2010-05-01,May,2010-01-01,indus,0,Current year,7003,0,0,7003,5812,21131,4047,5358,72361,49065,6666
2010-05-01,May,2010-01-01,totus,0,Current year,50516,0,0,50516,74544,28634,7165,13174,180739,180739,39901
2010-05-01,May,2011-01-01,luxus,1,Yr1 (Next year),0,200,0,200,1283,0,301,395,932,3358,-1237
2010-05-01,May,2011-01-01,upuus,1,Yr1 (Next year),2458,4134,285,6877,4073,0,1555,663,10596,6480,9081
2010-05-01,May,2011-01-01,upsus,1,Yr1 (Next year),3226,11394,9097,23717,8174,126,588,414,14332,14631,6924
2010-05-01,May,2011-01-01,midwus,1,Yr1 (Next year),814,1715,7638,10167,NA,NA,NA,NA,NA,NA,NA
2010-05-01,May,2011-01-01,midwous,1,Yr1 (Next year),6276,26143,23276,55695,NA,NA,NA,NA,NA,NA,NA
2010-05-01,May,2011-01-01,ecous,1,Yr1 (Next year),818,815,191,1824,1942,3858,1440,3346,41245,38692,-1269
2010-05-01,May,2011-01-01,indus,1,Yr1 (Next year),2945,2103,2868,7916,5888,20258,4566,4501,72401,58028,68
2010-05-01,May,2011-01-01,totus,1,Yr1 (Next year),16537,46504,43355,106396,37964,27755,10085,12301,241029,241029,10990
2010-05-01,May,2012-01-01,luxus,2,Yr2 (Year after next),445,0,934,1379,276,0,271,305,3216,2117,1341
2010-05-01,May,2012-01-01,upuus,2,Yr2 (Year after next),1016,2440,1291,4747,2779,692,623,1027,8741,14045,-3621
2010-05-01,May,2012-01-01,upsus,2,Yr2 (Year after next),784,6666,4634,12084,9786,222,2030,327,26808,23157,14918
2010-05-01,May,2012-01-01,midwus,2,Yr2 (Year after next),398,143,2196,2737,NA,NA,NA,NA,NA,NA,NA
2010-05-01,May,2012-01-01,midwous,2,Yr2 (Year after next),0,8382,7918,16300,NA,NA,NA,NA,NA,NA,NA
2010-05-01,May,2012-01-01,ecous,2,Yr2 (Year after next),0,0,60,60,3396,3810,1916,3425,52726,63321,-12518
2010-05-01,May,2012-01-01,indus,2,Yr2 (Year after next),318,3951,2922,7191,9154,16207,4599,4548,65792,55075,3715
2010-05-01,May,2012-01-01,totus,2,Yr2 (Year after next),2961,21582,19955,44498,45408,23358,10842,12551,208349,208349,20341
2010-05-01,May,2013-01-01,luxus,3,Yr3 and later,210,0,2439,2649,1198,277,103,140,2674,2047,1511
2010-05-01,May,2013-01-01,upuus,3,Yr3 and later,170,2869,3216,6255,4607,402,978,1312,14334,12194,6011
2010-05-01,May,2013-01-01,upsus,3,Yr3 and later,272,8897,23808,32977,16972,1034,488,1718,20851,10701,24858
2010-05-01,May,2013-01-01,midwus,3,Yr3 and later,0,765,2172,2937,NA,NA,NA,NA,NA,NA,NA
2010-05-01,May,2013-01-01,midwous,3,Yr3 and later,0,6100,16841,22941,NA,NA,NA,NA,NA,NA,NA
2010-05-01,May,2013-01-01,ecous,3,Yr3 and later,100,757,1425,2282,2970,5261,1442,3274,60510,54321,2066
2010-05-01,May,2013-01-01,indus,3,Yr3 and later,196,4445,88520,93161,8307,16e3,2795,5119,63476,64343,-10884
2010-05-01,May,2013-01-01,totus,3,Yr3 and later,948,23833,138421,163202,57324,25899,7117,14096,206694,206694,24446
2011-05-01,May,2011-01-01,luxus,0,Current year,0,0,0,0,1283,0,301,395,932,3358,-1237
2011-05-01,May,2011-01-01,upuus,0,Current year,4268,0,0,4268,4073,0,1555,663,10596,6480,9081
2011-05-01,May,2011-01-01,upsus,0,Current year,6049,0,0,6049,8174,126,588,414,14332,14631,6924
2011-05-01,May,2011-01-01,upmus,0,Current year,8644,0,0,8644,16504,1331,712,1427,68307,39304,43461
2011-05-01,May,2011-01-01,midus,0,Current year,3597,0,0,3597,3097,2182,923,1555,33216,80536,-47037
2011-05-01,May,2011-01-01,ecous,0,Current year,732,0,0,732,1942,3858,1440,3346,41245,38692,-1269
2011-05-01,May,2011-01-01,indus,0,Current year,3015,0,0,3015,5888,20258,4566,4501,72401,58028,68
2011-05-01,May,2011-01-01,totus,0,Current year,26305,0,0,26305,37964,27755,10085,12301,241029,241029,10990
2011-05-01,May,2012-01-01,luxus,1,Yr1 (Next year),820,0,594,1414,276,0,271,305,3216,2117,1341
2011-05-01,May,2012-01-01,upuus,1,Yr1 (Next year),1813,940,1579,4332,2779,692,623,1027,8741,14045,-3621
2011-05-01,May,2012-01-01,upsus,1,Yr1 (Next year),6358,7543,8108,22009,9786,222,2030,327,26808,23157,14918
2011-05-01,May,2012-01-01,upmus,1,Yr1 (Next year),6046,16018,17981,40045,16409,1486,725,1704,24816,26191,12569
2011-05-01,May,2012-01-01,midus,1,Yr1 (Next year),885,6227,6530,13642,3608,941,678,1215,26250,24443,3937
2011-05-01,May,2012-01-01,ecous,1,Yr1 (Next year),546,658,826,2030,3396,3810,1916,3425,52726,63321,-12518
2011-05-01,May,2012-01-01,indus,1,Yr1 (Next year),3964,3041,2760,9765,9154,16207,4599,4548,65792,55075,3715
2011-05-01,May,2012-01-01,totus,1,Yr1 (Next year),20432,34427,38378,93237,45408,23358,10842,12551,208349,208349,20341
2011-05-01,May,2013-01-01,luxus,2,Yr2 (Year after next),0,320,0,320,1198,277,103,140,2674,2047,1511
2011-05-01,May,2013-01-01,upuus,2,Yr2 (Year after next),500,800,3048,4348,4607,402,978,1312,14334,12194,6011
2011-05-01,May,2013-01-01,upsus,2,Yr2 (Year after next),691,786,11379,12856,16972,1034,488,1718,20851,10701,24858
2011-05-01,May,2013-01-01,upmus,2,Yr2 (Year after next),287,442,19111,19840,19839,1095,795,972,21700,37457,2810
2011-05-01,May,2013-01-01,midus,2,Yr2 (Year after next),0,0,523,523,3431,1830,516,1561,23149,25631,-1926
2011-05-01,May,2013-01-01,ecous,2,Yr2 (Year after next),0,0,217,217,2970,5261,1442,3274,60510,54321,2066
2011-05-01,May,2013-01-01,indus,2,Yr2 (Year after next),168,500,1184,1852,8307,16e3,2795,5119,63476,64343,-10884
2011-05-01,May,2013-01-01,totus,2,Yr2 (Year after next),1646,2848,35462,39956,57324,25899,7117,14096,206694,206694,24446
2011-05-01,May,2014-01-01,luxus,3,Yr3 and later,0,0,2383,2383,1106,0,274,105,4073,2390,2958
2011-05-01,May,2014-01-01,upuus,3,Yr3 and later,1175,507,2556,4238,4150,638,550,455,8816,7311,5112
2011-05-01,May,2014-01-01,upsus,3,Yr3 and later,0,11427,22341,33768,19936,783,580,739,11371,9266,21099
2011-05-01,May,2014-01-01,upmus,3,Yr3 and later,0,9885,10289,20174,23563,2041,917,1187,24381,35618,10015
2011-05-01,May,2014-01-01,midus,3,Yr3 and later,0,5081,3185,8266,4273,3131,591,1434,26612,30681,-3770
2011-05-01,May,2014-01-01,ecous,3,Yr3 and later,66,528,688,1282,3780,4853,1337,3303,45648,43992,-1383
2011-05-01,May,2014-01-01,indus,3,Yr3 and later,288,4480,76385,81153,7173,20341,5651,4538,67075,58718,-3698
2011-05-01,May,2014-01-01,totus,3,Yr3 and later,1529,31908,117827,151264,63981,31787,9900,11761,187976,187976,30333
2012-05-01,May,2012-01-01,luxus,0,Current year,209,0,0,209,276,0,271,305,3216,2117,1341
2012-05-01,May,2012-01-01,upuus,0,Current year,2194,0,0,2194,2779,692,623,1027,8741,14045,-3621
2012-05-01,May,2012-01-01,upsus,0,Current year,8299,0,0,8299,9786,222,2030,327,26808,23157,14918
2012-05-01,May,2012-01-01,upmus,0,Current year,11037,0,0,11037,16409,1486,725,1704,24816,26191,12569
2012-05-01,May,2012-01-01,midus,0,Current year,2578,0,0,2578,3608,941,678,1215,26250,24443,3937
2012-05-01,May,2012-01-01,ecous,0,Current year,1051,0,0,1051,3396,3810,1916,3425,52726,63321,-12518
2012-05-01,May,2012-01-01,indus,0,Current year,4789,0,0,4789,9154,16207,4599,4548,65792,55075,3715
2012-05-01,May,2012-01-01,totus,0,Current year,30157,0,0,30157,45408,23358,10842,12551,208349,208349,20341
2012-05-01,May,2013-01-01,luxus,1,Yr1 (Next year),505,610,0,1115,1198,277,103,140,2674,2047,1511
2012-05-01,May,2013-01-01,upuus,1,Yr1 (Next year),4497,1259,250,6006,4607,402,978,1312,14334,12194,6011
2012-05-01,May,2013-01-01,upsus,1,Yr1 (Next year),8860,24335,4047,37242,16972,1034,488,1718,20851,10701,24858
2012-05-01,May,2013-01-01,upmus,1,Yr1 (Next year),8205,26999,11300,46504,19839,1095,795,972,21700,37457,2810
2012-05-01,May,2013-01-01,midus,1,Yr1 (Next year),445,4479,4011,8935,3431,1830,516,1561,23149,25631,-1926
2012-05-01,May,2013-01-01,ecous,1,Yr1 (Next year),140,903,534,1577,2970,5261,1442,3274,60510,54321,2066
2012-05-01,May,2013-01-01,indus,1,Yr1 (Next year),3744,2829,707,7280,8307,16e3,2795,5119,63476,64343,-10884
2012-05-01,May,2013-01-01,totus,1,Yr1 (Next year),26396,61414,20849,108659,57324,25899,7117,14096,206694,206694,24446
2012-05-01,May,2014-01-01,luxus,2,Yr2 (Year after next),888,0,350,1238,1106,0,274,105,4073,2390,2958
2012-05-01,May,2014-01-01,upuus,2,Yr2 (Year after next),1175,3636,531,5342,4150,638,550,455,8816,7311,5112
2012-05-01,May,2014-01-01,upsus,2,Yr2 (Year after next),362,9764,7932,18058,19936,783,580,739,11371,9266,21099
2012-05-01,May,2014-01-01,upmus,2,Yr2 (Year after next),155,9410,9900,19465,23563,2041,917,1187,24381,35618,10015
2012-05-01,May,2014-01-01,midus,2,Yr2 (Year after next),0,379,690,1069,4273,3131,591,1434,26612,30681,-3770
2012-05-01,May,2014-01-01,ecous,2,Yr2 (Year after next),0,0,52,52,3780,4853,1337,3303,45648,43992,-1383
2012-05-01,May,2014-01-01,indus,2,Yr2 (Year after next),223,1491,937,2651,7173,20341,5651,4538,67075,58718,-3698
2012-05-01,May,2014-01-01,totus,2,Yr2 (Year after next),2803,24680,20392,47875,63981,31787,9900,11761,187976,187976,30333
2012-05-01,May,2015-01-01,luxus,3,Yr3 and later,0,2003,2027,4030,2225,0,261,377,3098,3899,1308
2012-05-01,May,2015-01-01,upuus,3,Yr3 and later,0,949,2261,3210,7882,221,478,254,14012,9733,12164
2012-05-01,May,2015-01-01,upsus,3,Yr3 and later,361,4701,2953,8015,26980,536,635,884,11894,11947,26142
2012-05-01,May,2015-01-01,upmus,3,Yr3 and later,147,7246,2260,9653,29135,1485,769,1114,18702,33153,12854
2012-05-01,May,2015-01-01,midus,3,Yr3 and later,0,7812,1590,9402,6611,2538,620,1416,27398,26310,4365
2012-05-01,May,2015-01-01,ecous,3,Yr3 and later,83,722,593,1398,4118,4078,636,2950,43566,42674,-1382
2012-05-01,May,2015-01-01,indus,3,Yr3 and later,460,7336,60197,67993,9813,15334,3209,3979,63593,54547,2755
2012-05-01,May,2015-01-01,totus,3,Yr3 and later,1051,30769,71881,103701,86764,24192,6608,10974,182263,182263,58206
2013-05-01,May,2013-01-01,luxus,0,Current year,799,0,0,799,1198,277,103,140,2674,2047,1511
2013-05-01,May,2013-01-01,upuus,0,Current year,2782,0,0,2782,4607,402,978,1312,14334,12194,6011
2013-05-01,May,2013-01-01,upsus,0,Current year,15610,0,0,15610,16972,1034,488,1718,20851,10701,24858
2013-05-01,May,2013-01-01,upmus,0,Current year,13864,0,0,13864,19839,1095,795,972,21700,37457,2810
2013-05-01,May,2013-01-01,midus,0,Current year,2965,0,0,2965,3431,1830,516,1561,23149,25631,-1926
2013-05-01,May,2013-01-01,ecous,0,Current year,1291,0,0,1291,2970,5261,1442,3274,60510,54321,2066
2013-05-01,May,2013-01-01,indus,0,Current year,4884,0,0,4884,8307,16e3,2795,5119,63476,64343,-10884
2013-05-01,May,2013-01-01,totus,0,Current year,42195,0,0,42195,57324,25899,7117,14096,206694,206694,24446
2013-05-01,May,2014-01-01,luxus,1,Yr1 (Next year),2795,0,57,2852,1106,0,274,105,4073,2390,2958
2013-05-01,May,2014-01-01,upuus,1,Yr1 (Next year),3474,1088,378,4940,4150,638,550,455,8816,7311,5112
2013-05-01,May,2014-01-01,upsus,1,Yr1 (Next year),10096,9925,4199,24220,19936,783,580,739,11371,9266,21099
2013-05-01,May,2014-01-01,upmus,1,Yr1 (Next year),7273,16787,9954,34014,23563,2041,917,1187,24381,35618,10015
2013-05-01,May,2014-01-01,midus,1,Yr1 (Next year),331,3650,4225,8206,4273,3131,591,1434,26612,30681,-3770
2013-05-01,May,2014-01-01,ecous,1,Yr1 (Next year),98,122,173,393,3780,4853,1337,3303,45648,43992,-1383
2013-05-01,May,2014-01-01,indus,1,Yr1 (Next year),3811,6329,1604,11744,7173,20341,5651,4538,67075,58718,-3698
2013-05-01,May,2014-01-01,totus,1,Yr1 (Next year),27878,37901,20590,86369,63981,31787,9900,11761,187976,187976,30333
2013-05-01,May,2015-01-01,luxus,2,Yr2 (Year after next),1412,0,0,1412,2225,0,261,377,3098,3899,1308
2013-05-01,May,2015-01-01,upuus,2,Yr2 (Year after next),650,2293,1991,4934,7882,221,478,254,14012,9733,12164
2013-05-01,May,2015-01-01,upsus,2,Yr2 (Year after next),140,11053,5947,17140,26980,536,635,884,11894,11947,26142
2013-05-01,May,2015-01-01,upmus,2,Yr2 (Year after next),198,7084,8785,16067,29135,1485,769,1114,18702,33153,12854
2013-05-01,May,2015-01-01,midus,2,Yr2 (Year after next),65,100,1625,1790,6611,2538,620,1416,27398,26310,4365
2013-05-01,May,2015-01-01,ecous,2,Yr2 (Year after next),0,0,157,157,4118,4078,636,2950,43566,42674,-1382
2013-05-01,May,2015-01-01,indus,2,Yr2 (Year after next),450,4190,2467,7107,9813,15334,3209,3979,63593,54547,2755
2013-05-01,May,2015-01-01,totus,2,Yr2 (Year after next),2915,24720,20972,48607,86764,24192,6608,10974,182263,182263,58206
2013-05-01,May,2016-01-01,luxus,3,Yr3 and later,0,1311,842,2153,3999,9,331,272,2283,2221,4111
2013-05-01,May,2016-01-01,upuus,3,Yr3 and later,0,1570,6482,8052,8576,248,601,1139,11679,8004,11465
2013-05-01,May,2016-01-01,upsus,3,Yr3 and later,0,11005,21923,32928,31523,298,636,809,16687,7064,40675
2013-05-01,May,2016-01-01,upmus,3,Yr3 and later,56,11098,15054,26208,39904,1750,774,590,14921,29210,24049
2013-05-01,May,2016-01-01,midus,3,Yr3 and later,0,2440,1317,3757,4661,2555,407,1024,25420,23268,3641
2013-05-01,May,2016-01-01,ecous,3,Yr3 and later,0,837,1454,2291,5001,4420,1047,2882,54076,51842,980
2013-05-01,May,2016-01-01,indus,3,Yr3 and later,918,14421,56231,71570,8418,11856,3413,4044,50352,53809,-7526
2013-05-01,May,2016-01-01,totus,3,Yr3 and later,974,42682,103303,146959,102082,21136,7209,10760,175418,175418,77395
2007-05-01,May,2007-01-01,luxus,0,Current year,1187,0,0,1187,1500,0,438,210,2976,1293,3411
2007-05-01,May,2007-01-01,upuus,0,Current year,6713,0,250,6963,7581,645,1517,957,14090,7244,14342
2007-05-01,May,2007-01-01,upsus,0,Current year,21018,624,1439,23081,22762,193,1483,277,29292,29012,24055
2007-05-01,May,2007-01-01,midwus,0,Current year,7112,591,877,8580,NA,NA,NA,NA,NA,NA,NA
2007-05-01,May,2007-01-01,midwous,0,Current year,34557,4836,3644,43037,NA,NA,NA,NA,NA,NA,NA
2007-05-01,May,2007-01-01,ecous,0,Current year,7227,802,717,8746,9617,4636,1095,2197,45012,35703,13188
2007-05-01,May,2007-01-01,indus,0,Current year,18282,2234,3224,23740,13533,25662,7764,5939,67280,60711,-3735
2007-05-01,May,2007-01-01,totus,0,Current year,96096,9087,10151,115334,101241,34958,14419,11015,207335,207335,69687
2007-05-01,May,2008-01-01,luxus,1,Yr1 (Next year),4547,200,0,4747,6050,0,631,115,3277,2254,7589
2007-05-01,May,2008-01-01,upuus,1,Yr1 (Next year),17270,1116,4713,23099,15204,119,1838,528,11309,5620,22084
2007-05-01,May,2008-01-01,upsus,1,Yr1 (Next year),17422,8814,32941,59177,32990,236,519,869,14616,19677,28342
2007-05-01,May,2008-01-01,midwus,1,Yr1 (Next year),2944,2712,7787,13443,NA,NA,NA,NA,NA,NA,NA
2007-05-01,May,2008-01-01,midwous,1,Yr1 (Next year),16541,12159,43973,72673,NA,NA,NA,NA,NA,NA,NA
2007-05-01,May,2008-01-01,ecous,1,Yr1 (Next year),1811,178,1118,3107,11530,3312,1349,3155,43437,36151,13698
2007-05-01,May,2008-01-01,indus,1,Yr1 (Next year),14419,3445,8062,25926,24362,22782,9279,5091,67945,53086,20627
2007-05-01,May,2008-01-01,totus,1,Yr1 (Next year),74954,28624,98594,202172,153904,28919,15802,11305,188106,188106,129482
2007-05-01,May,2009-01-01,luxus,2,Yr2 (Year after next),1796,1323,2039,5158,5569,0,526,135,2786,1231,7515
2007-05-01,May,2009-01-01,upuus,2,Yr2 (Year after next),4873,2029,6404,13306,11067,0,2099,430,7647,5025,15358
2007-05-01,May,2009-01-01,upsus,2,Yr2 (Year after next),881,1474,9776,12131,38977,70,1106,672,16786,11644,44483
2007-05-01,May,2009-01-01,midwus,2,Yr2 (Year after next),0,120,3044,3164,NA,NA,NA,NA,NA,NA,NA
2007-05-01,May,2009-01-01,midwous,2,Yr2 (Year after next),238,614,6528,7380,NA,NA,NA,NA,NA,NA,NA
2007-05-01,May,2009-01-01,ecous,2,Yr2 (Year after next),200,0,100,300,10379,3028,1016,3795,40114,37147,7539
2007-05-01,May,2009-01-01,indus,2,Yr2 (Year after next),7272,1988,17801,27061,18093,24668,4700,5268,54852,55683,-7974
2007-05-01,May,2009-01-01,totus,2,Yr2 (Year after next),15260,7548,45692,68500,149236,30705,11174,12152,170830,170830,117553
2007-05-01,May,2010-01-01,luxus,3,Yr3 and later,0,216,1603,1819,6686,0,818,190,1048,2145,6217
2007-05-01,May,2010-01-01,upuus,3,Yr3 and later,1376,590,10479,12445,6367,0,206,258,7804,6191,7928
2007-05-01,May,2010-01-01,upsus,3,Yr3 and later,204,312,5444,5960,18338,840,252,961,11924,7196,21517
2007-05-01,May,2010-01-01,midwus,3,Yr3 and later,132,150,1459,1741,NA,NA,NA,NA,NA,NA,NA
2007-05-01,May,2010-01-01,midwous,3,Yr3 and later,159,811,4578,5548,NA,NA,NA,NA,NA,NA,NA
2007-05-01,May,2010-01-01,ecous,3,Yr3 and later,0,249,2742,2991,3966,4098,934,3341,39408,39604,-2735
2007-05-01,May,2010-01-01,indus,3,Yr3 and later,684,2361,121437,124482,5812,21131,4047,5358,72361,49065,6666
2007-05-01,May,2010-01-01,totus,3,Yr3 and later,2555,4689,147742,154986,74544,28634,7165,13174,180739,180739,39901
2013-12-01,Dec,2014-01-01,luxus,1,Yr1 (Next year),2980,0,0,2980,1106,0,274,105,4073,2390,2958
2013-12-01,Dec,2014-01-01,upuus,1,Yr1 (Next year),6189,0,0,6189,4150,638,550,455,8816,7311,5112
2013-12-01,Dec,2014-01-01,upsus,1,Yr1 (Next year),24737,31,98,24866,19936,783,580,739,11371,9266,21099
2013-12-01,Dec,2014-01-01,upmus,1,Yr1 (Next year),24705,102,346,25153,23563,2041,917,1187,24381,35618,10015
2013-12-01,Dec,2014-01-01,midus,1,Yr1 (Next year),3961,374,167,4502,4273,3131,591,1434,26612,30681,-3770
2013-12-01,Dec,2014-01-01,ecous,1,Yr1 (Next year),1035,0,0,1035,3780,4853,1337,3303,45648,43992,-1383
2013-12-01,Dec,2014-01-01,indus,1,Yr1 (Next year),7927,236,80,8243,7173,20341,5651,4538,67075,58718,-3698
2013-12-01,Dec,2014-01-01,totus,1,Yr1 (Next year),71534,743,691,72968,63981,31787,9900,11761,187976,187976,30333
2013-12-01,Dec,2015-01-01,luxus,2,Yr2 (Year after next),1412,57,190,1659,2225,0,261,377,3098,3899,1308
2013-12-01,Dec,2015-01-01,upuus,2,Yr2 (Year after next),2043,4809,1361,8213,7882,221,478,254,14012,9733,12164
2013-12-01,Dec,2015-01-01,upsus,2,Yr2 (Year after next),6742,33609,6931,47282,26980,536,635,884,11894,11947,26142
2013-12-01,Dec,2015-01-01,upmus,2,Yr2 (Year after next),3264,36901,17373,57538,29135,1485,769,1114,18702,33153,12854
2013-12-01,Dec,2015-01-01,midus,2,Yr2 (Year after next),90,11330,3403,14823,6611,2538,620,1416,27398,26310,4365
2013-12-01,Dec,2015-01-01,ecous,2,Yr2 (Year after next),80,345,812,1237,4118,4078,636,2950,43566,42674,-1382
2013-12-01,Dec,2015-01-01,indus,2,Yr2 (Year after next),4103,9366,4537,18006,9813,15334,3209,3979,63593,54547,2755
2013-12-01,Dec,2015-01-01,totus,2,Yr2 (Year after next),17734,96417,34607,148758,86764,24192,6608,10974,182263,182263,58206
2013-12-01,Dec,2016-01-01,luxus,3,Yr3,185,1306,0,1491,3999,9,331,272,2283,2221,4111
2013-12-01,Dec,2016-01-01,upuus,3,Yr3,0,3183,360,3543,8576,248,601,1139,11679,8004,11465
2013-12-01,Dec,2016-01-01,upsus,3,Yr3,614,7905,9052,17571,31523,298,636,809,16687,7064,40675
2013-12-01,Dec,2016-01-01,upmus,3,Yr3,177,3039,8302,11518,39904,1750,774,590,14921,29210,24049
2013-12-01,Dec,2016-01-01,midus,3,Yr3,0,0,245,245,4661,2555,407,1024,25420,23268,3641
2013-12-01,Dec,2016-01-01,ecous,3,Yr3,0,0,0,0,5001,4420,1047,2882,54076,51842,980
2013-12-01,Dec,2016-01-01,indus,3,Yr3,0,5135,3158,8293,8418,11856,3413,4044,50352,53809,-7526
2013-12-01,Dec,2016-01-01,totus,3,Yr3,976,20568,21117,42661,102082,21136,7209,10760,175418,175418,77395
2013-12-01,Dec,2017-01-01,luxus,4,Yr4 and later,0,300,0,300,2952,1297,254,107,1849,1838,1813
2013-12-01,Dec,2017-01-01,upuus,4,Yr4 and later,0,450,3176,3626,11264,736,1280,1280,10464,9026,11966
2013-12-01,Dec,2017-01-01,upsus,4,Yr4 and later,125,196,2108,2429,34202,1068,650,390,14773,11187,36980
2013-12-01,Dec,2017-01-01,upmus,4,Yr4 and later,0,0,395,395,39036,2603,1024,736,14197,22530,28388
2013-12-01,Dec,2017-01-01,midus,4,Yr4 and later,0,0,0,0,5722,3763,316,962,21938,15666,7585
2013-12-01,Dec,2017-01-01,ecous,4,Yr4 and later,0,0,0,0,4218,4307,1018,2843,30812,32175,-3277
2013-12-01,Dec,2017-01-01,indus,4,Yr4 and later,900,2050,400,3350,9699,7528,3285,2704,42345,43956,1141
2013-12-01,Dec,2017-01-01,totus,4,Yr4 and later,1025,2996,6079,10100,107093,21302,7827,9022,136378,136378,84596
2014-12-01,Dec,2015-01-01,luxus,1,Yr1 (Next year),2569,0,0,2569,2225,0,261,377,3098,3899,1308
2014-12-01,Dec,2015-01-01,upuus,1,Yr1 (Next year),9123,0,0,9123,7882,221,478,254,14012,9733,12164
2014-12-01,Dec,2015-01-01,upsus,1,Yr1 (Next year),35895,232,0,36127,26980,536,635,884,11894,11947,26142
2014-12-01,Dec,2015-01-01,upmus,1,Yr1 (Next year),32289,2349,0,34638,29135,1485,769,1114,18702,33153,12854
2014-12-01,Dec,2015-01-01,midus,1,Yr1 (Next year),5660,892,0,6552,6611,2538,620,1416,27398,26310,4365
2014-12-01,Dec,2015-01-01,ecous,1,Yr1 (Next year),655,457,0,1112,4118,4078,636,2950,43566,42674,-1382
2014-12-01,Dec,2015-01-01,indus,1,Yr1 (Next year),12493,787,24,13304,9813,15334,3209,3979,63593,54547,2755
2014-12-01,Dec,2015-01-01,totus,1,Yr1 (Next year),98684,4717,24,103425,86764,24192,6608,10974,182263,182263,58206
2014-12-01,Dec,2016-01-01,luxus,2,Yr2 (Year after next),751,1509,0,2260,3999,9,331,272,2283,2221,4111
2014-12-01,Dec,2016-01-01,upuus,2,Yr2 (Year after next),3700,4268,1471,9439,8576,248,601,1139,11679,8004,11465
2014-12-01,Dec,2016-01-01,upsus,2,Yr2 (Year after next),8076,30337,15226,53639,31523,298,636,809,16687,7064,40675
2014-12-01,Dec,2016-01-01,upmus,2,Yr2 (Year after next),2313,34290,30308,66911,39904,1750,774,590,14921,29210,24049
2014-12-01,Dec,2016-01-01,midus,2,Yr2 (Year after next),181,8030,5151,13362,4661,2555,407,1024,25420,23268,3641
2014-12-01,Dec,2016-01-01,ecous,2,Yr2 (Year after next),0,424,444,868,5001,4420,1047,2882,54076,51842,980
2014-12-01,Dec,2016-01-01,indus,2,Yr2 (Year after next),3186,12952,3744,19882,8418,11856,3413,4044,50352,53809,-7526
2014-12-01,Dec,2016-01-01,totus,2,Yr2 (Year after next),18207,91810,56344,166361,102082,21136,7209,10760,175418,175418,77395
2014-12-01,Dec,2017-01-01,luxus,3,Yr3,2192,264,1417,3873,2952,1297,254,107,1849,1838,1813
2014-12-01,Dec,2017-01-01,upuus,3,Yr3,496,3811,4413,8720,11264,736,1280,1280,10464,9026,11966
2014-12-01,Dec,2017-01-01,upsus,3,Yr3,185,3183,15291,18659,34202,1068,650,390,14773,11187,36980
2014-12-01,Dec,2017-01-01,upmus,3,Yr3,0,1797,16526,18323,39036,2603,1024,736,14197,22530,28388
2014-12-01,Dec,2017-01-01,midus,3,Yr3,0,80,3995,4075,5722,3763,316,962,21938,15666,7585
2014-12-01,Dec,2017-01-01,ecous,3,Yr3,0,0,67,67,4218,4307,1018,2843,30812,32175,-3277
2014-12-01,Dec,2017-01-01,indus,3,Yr3,0,3075,1837,4912,9699,7528,3285,2704,42345,43956,1141
2014-12-01,Dec,2017-01-01,totus,3,Yr3,2873,12210,43546,58629,107093,21302,7827,9022,136378,136378,84596
2014-12-01,Dec,2018-01-01,luxus,4,Yr4 and later,0,369,573,942,NA,NA,NA,NA,NA,NA,NA
2014-12-01,Dec,2018-01-01,upuus,4,Yr4 and later,0,250,1399,1649,NA,NA,NA,NA,NA,NA,NA
2014-12-01,Dec,2018-01-01,upsus,4,Yr4 and later,243,0,4129,4372,NA,NA,NA,NA,NA,NA,NA
2014-12-01,Dec,2018-01-01,upmus,4,Yr4 and later,53,0,2486,2539,NA,NA,NA,NA,NA,NA,NA
2014-12-01,Dec,2018-01-01,midus,4,Yr4 and later,0,0,300,300,NA,NA,NA,NA,NA,NA,NA
2014-12-01,Dec,2018-01-01,ecous,4,Yr4 and later,0,0,80,80,NA,NA,NA,NA,NA,NA,NA
2014-12-01,Dec,2018-01-01,indus,4,Yr4 and later,0,0,830,830,NA,NA,NA,NA,NA,NA,NA
2014-12-01,Dec,2018-01-01,totus,4,Yr4 and later,296,619,9797,10712,NA,NA,NA,NA,NA,NA,NA
2015-12-01,Dec,2016-01-01,luxus,1,Yr1 (Next year),3170,0,0,3170,3999,9,331,272,2283,2221,4111
2015-12-01,Dec,2016-01-01,upuus,1,Yr1 (Next year),7018,0,0,7018,8576,248,601,1139,11679,8004,11465
2015-12-01,Dec,2016-01-01,upsus,1,Yr1 (Next year),41230,318,0,41548,31523,298,636,809,16687,7064,40675
2015-12-01,Dec,2016-01-01,upmus,1,Yr1 (Next year),42946,2075,0,45021,39904,1750,774,590,14921,29210,24049
2015-12-01,Dec,2016-01-01,midus,1,Yr1 (Next year),5050,3569,0,8619,4661,2555,407,1024,25420,23268,3641
2015-12-01,Dec,2016-01-01,ecous,1,Yr1 (Next year),1512,139,0,1651,5001,4420,1047,2882,54076,51842,980
2015-12-01,Dec,2016-01-01,indus,1,Yr1 (Next year),11125,430,0,11555,8418,11856,3413,4044,50352,53809,-7526
2015-12-01,Dec,2016-01-01,totus,1,Yr1 (Next year),112051,6531,0,118582,102082,21136,7209,10760,175418,175418,77395
2015-12-01,Dec,2017-01-01,luxus,2,Yr2 (Year after next),3395,1188,180,4763,2952,1297,254,107,1849,1838,1813
2015-12-01,Dec,2017-01-01,upuus,2,Yr2 (Year after next),4218,11238,2200,17656,11264,736,1280,1280,10464,9026,11966
2015-12-01,Dec,2017-01-01,upsus,2,Yr2 (Year after next),6954,46262,15066,68282,34202,1068,650,390,14773,11187,36980
2015-12-01,Dec,2017-01-01,upmus,2,Yr2 (Year after next),4833,53633,23772,82238,39036,2603,1024,736,14197,22530,28388
2015-12-01,Dec,2017-01-01,midus,2,Yr2 (Year after next),271,5299,11428,16998,5722,3763,316,962,21938,15666,7585
2015-12-01,Dec,2017-01-01,ecous,2,Yr2 (Year after next),0,1248,984,2232,4218,4307,1018,2843,30812,32175,-3277
2015-12-01,Dec,2017-01-01,indus,2,Yr2 (Year after next),2335,12833,5887,21055,9699,7528,3285,2704,42345,43956,1141
2015-12-01,Dec,2017-01-01,totus,2,Yr2 (Year after next),22006,131701,59517,213224,107093,21302,7827,9022,136378,136378,84596
2015-12-01,Dec,2018-01-01,luxus,3,Yr3,727,1132,1227,3086,NA,NA,NA,NA,NA,NA,NA
2015-12-01,Dec,2018-01-01,upuus,3,Yr3,288,4143,5430,9861,NA,NA,NA,NA,NA,NA,NA
2015-12-01,Dec,2018-01-01,upsus,3,Yr3,1019,10551,7640,19210,NA,NA,NA,NA,NA,NA,NA
2015-12-01,Dec,2018-01-01,upmus,3,Yr3,175,9345,11349,20869,NA,NA,NA,NA,NA,NA,NA
2015-12-01,Dec,2018-01-01,midus,3,Yr3,0,0,2692,2692,NA,NA,NA,NA,NA,NA,NA
2015-12-01,Dec,2018-01-01,ecous,3,Yr3,0,85,263,348,NA,NA,NA,NA,NA,NA,NA
2015-12-01,Dec,2018-01-01,indus,3,Yr3,4289,1992,3107,9388,NA,NA,NA,NA,NA,NA,NA
2015-12-01,Dec,2018-01-01,totus,3,Yr3,6498,27248,31708,65454,NA,NA,NA,NA,NA,NA,NA
2015-12-01,Dec,2019-01-01,luxus,4,Yr4 and later,148,0,300,448,NA,NA,NA,NA,NA,NA,NA
2015-12-01,Dec,2019-01-01,upuus,4,Yr4 and later,0,462,1100,1562,NA,NA,NA,NA,NA,NA,NA
2015-12-01,Dec,2019-01-01,upsus,4,Yr4 and later,0,0,2671,2671,NA,NA,NA,NA,NA,NA,NA
2015-12-01,Dec,2019-01-01,upmus,4,Yr4 and later,0,64,2647,2711,NA,NA,NA,NA,NA,NA,NA
2015-12-01,Dec,2019-01-01,midus,4,Yr4 and later,0,0,240,240,NA,NA,NA,NA,NA,NA,NA
2015-12-01,Dec,2019-01-01,ecous,4,Yr4 and later,0,0,80,80,NA,NA,NA,NA,NA,NA,NA
2015-12-01,Dec,2019-01-01,indus,4,Yr4 and later,0,180,364,544,NA,NA,NA,NA,NA,NA,NA
2015-12-01,Dec,2019-01-01,totus,4,Yr4 and later,148,706,7402,8256,NA,NA,NA,NA,NA,NA,NA
2016-12-01,Dec,2017-01-01,luxus,1,Yr1 (Next year),3754,0,0,3754,2952,1297,254,107,1849,1838,1813
2016-12-01,Dec,2017-01-01,upuus,1,Yr1 (Next year),12885,0,0,12885,11264,736,1280,1280,10464,9026,11966
2016-12-01,Dec,2017-01-01,upsus,1,Yr1 (Next year),48824,230,0,49054,34202,1068,650,390,14773,11187,36980
2016-12-01,Dec,2017-01-01,upmus,1,Yr1 (Next year),52239,1553,0,53792,39036,2603,1024,736,14197,22530,28388
2016-12-01,Dec,2017-01-01,midus,1,Yr1 (Next year),8054,1703,0,9757,5722,3763,316,962,21938,15666,7585
2016-12-01,Dec,2017-01-01,ecous,1,Yr1 (Next year),2584,794,0,3378,4218,4307,1018,2843,30812,32175,-3277
2016-12-01,Dec,2017-01-01,indus,1,Yr1 (Next year),16932,40,0,16972,9699,7528,3285,2704,42345,43956,1141
2016-12-01,Dec,2017-01-01,totus,1,Yr1 (Next year),145272,4320,0,149592,107093,21302,7827,9022,136378,136378,84596
2016-12-01,Dec,2018-01-01,luxus,2,Yr2 (Year after next),2374,1178,1031,4583,NA,NA,NA,NA,NA,NA,NA
2016-12-01,Dec,2018-01-01,upuus,2,Yr2 (Year after next),9635,9511,1999,21145,NA,NA,NA,NA,NA,NA,NA
2016-12-01,Dec,2018-01-01,upsus,2,Yr2 (Year after next),11258,51309,14541,77108,NA,NA,NA,NA,NA,NA,NA
2016-12-01,Dec,2018-01-01,upmus,2,Yr2 (Year after next),7430,67684,30514,105628,NA,NA,NA,NA,NA,NA,NA
2016-12-01,Dec,2018-01-01,midus,2,Yr2 (Year after next),682,16167,13385,30234,NA,NA,NA,NA,NA,NA,NA
2016-12-01,Dec,2018-01-01,ecous,2,Yr2 (Year after next),0,779,1428,2207,NA,NA,NA,NA,NA,NA,NA
2016-12-01,Dec,2018-01-01,indus,2,Yr2 (Year after next),5894,10844,7229,23967,NA,NA,NA,NA,NA,NA,NA
2016-12-01,Dec,2018-01-01,totus,2,Yr2 (Year after next),37273,157472,70127,264872,NA,NA,NA,NA,NA,NA,NA
2016-12-01,Dec,2019-01-01,luxus,3,Yr3,1398,1935,291,3624,NA,NA,NA,NA,NA,NA,NA
2016-12-01,Dec,2019-01-01,upuus,3,Yr3,675,6607,2456,9738,NA,NA,NA,NA,NA,NA,NA
2016-12-01,Dec,2019-01-01,upsus,3,Yr3,1483,11806,8297,21586,NA,NA,NA,NA,NA,NA,NA
2016-12-01,Dec,2019-01-01,upmus,3,Yr3,321,6752,12956,20029,NA,NA,NA,NA,NA,NA,NA
2016-12-01,Dec,2019-01-01,midus,3,Yr3,92,0,7689,7781,NA,NA,NA,NA,NA,NA,NA
2016-12-01,Dec,2019-01-01,ecous,3,Yr3,0,0,325,325,NA,NA,NA,NA,NA,NA,NA
2016-12-01,Dec,2019-01-01,indus,3,Yr3,0,1270,738,2008,NA,NA,NA,NA,NA,NA,NA
2016-12-01,Dec,2019-01-01,totus,3,Yr3,3969,28370,32752,65091,NA,NA,NA,NA,NA,NA,NA
2016-12-01,Dec,2020-01-01,luxus,4,Yr4 and later,0,0,395,395,NA,NA,NA,NA,NA,NA,NA
2016-12-01,Dec,2020-01-01,upuus,4,Yr4 and later,451,0,2082,2533,NA,NA,NA,NA,NA,NA,NA
2016-12-01,Dec,2020-01-01,upsus,4,Yr4 and later,0,305,3377,3682,NA,NA,NA,NA,NA,NA,NA
2016-12-01,Dec,2020-01-01,upmus,4,Yr4 and later,0,60,1349,1409,NA,NA,NA,NA,NA,NA,NA
2016-12-01,Dec,2020-01-01,midus,4,Yr4 and later,0,0,397,397,NA,NA,NA,NA,NA,NA,NA
2016-12-01,Dec,2020-01-01,ecous,4,Yr4 and later,0,0,0,0,NA,NA,NA,NA,NA,NA,NA
2016-12-01,Dec,2020-01-01,indus,4,Yr4 and later,0,125,5e3,5125,NA,NA,NA,NA,NA,NA,NA
2016-12-01,Dec,2020-01-01,totus,4,Yr4 and later,451,490,12600,13541,NA,NA,NA,NA,NA,NA,NA
2014-05-01,May,2014-01-01,luxus,0,Current year,2142,0,0,2142,1106,0,274,105,4073,2390,2958
2014-05-01,May,2014-01-01,upuus,0,Current year,3169,0,0,3169,4150,638,550,455,8816,7311,5112
2014-05-01,May,2014-01-01,upsus,0,Current year,17465,0,0,17465,19936,783,580,739,11371,9266,21099
2014-05-01,May,2014-01-01,upmus,0,Current year,20820,0,0,20820,23563,2041,917,1187,24381,35618,10015
2014-05-01,May,2014-01-01,midus,0,Current year,3445,0,0,3445,4273,3131,591,1434,26612,30681,-3770
2014-05-01,May,2014-01-01,ecous,0,Current year,819,0,0,819,3780,4853,1337,3303,45648,43992,-1383
2014-05-01,May,2014-01-01,indus,0,Current year,6489,0,0,6489,7173,20341,5651,4538,67075,58718,-3698
2014-05-01,May,2014-01-01,totus,0,Current year,54349,0,0,54349,63981,31787,9900,11761,187976,187976,30333
2014-05-01,May,2015-01-01,luxus,1,Yr1 (Next year),1982,497,0,2479,2225,0,261,377,3098,3899,1308
2014-05-01,May,2015-01-01,upuus,1,Yr1 (Next year),4654,2200,348,7202,7882,221,478,254,14012,9733,12164
2014-05-01,May,2015-01-01,upsus,1,Yr1 (Next year),20265,21260,5119,46644,26980,536,635,884,11894,11947,26142
2014-05-01,May,2015-01-01,upmus,1,Yr1 (Next year),9365,32163,14138,55666,29135,1485,769,1114,18702,33153,12854
2014-05-01,May,2015-01-01,midus,1,Yr1 (Next year),1736,8668,2878,13282,6611,2538,620,1416,27398,26310,4365
2014-05-01,May,2015-01-01,ecous,1,Yr1 (Next year),204,694,634,1532,4118,4078,636,2950,43566,42674,-1382
2014-05-01,May,2015-01-01,indus,1,Yr1 (Next year),6241,9518,3407,19166,9813,15334,3209,3979,63593,54547,2755
2014-05-01,May,2015-01-01,totus,1,Yr1 (Next year),44447,75e3,26524,145971,86764,24192,6608,10974,182263,182263,58206
2014-05-01,May,2016-01-01,luxus,2,Yr2 (Year after next),265,1763,549,2577,3999,9,331,272,2283,2221,4111
2014-05-01,May,2016-01-01,upuus,2,Yr2 (Year after next),600,3222,1035,4857,8576,248,601,1139,11679,8004,11465
2014-05-01,May,2016-01-01,upsus,2,Yr2 (Year after next),1491,13967,12256,27714,31523,298,636,809,16687,7064,40675
2014-05-01,May,2016-01-01,upmus,2,Yr2 (Year after next),507,5392,21280,27179,39904,1750,774,590,14921,29210,24049
2014-05-01,May,2016-01-01,midus,2,Yr2 (Year after next),0,326,2683,3009,4661,2555,407,1024,25420,23268,3641
2014-05-01,May,2016-01-01,ecous,2,Yr2 (Year after next),0,0,233,233,5001,4420,1047,2882,54076,51842,980
2014-05-01,May,2016-01-01,indus,2,Yr2 (Year after next),1476,7253,4199,12928,8418,11856,3413,4044,50352,53809,-7526
2014-05-01,May,2016-01-01,totus,2,Yr2 (Year after next),4339,31923,42235,78497,102082,21136,7209,10760,175418,175418,77395
2014-05-01,May,2017-01-01,luxus,3,Yr3 and later,0,200,448,648,2952,1297,254,107,1849,1838,1813
2014-05-01,May,2017-01-01,upuus,3,Yr3 and later,196,1752,3094,5042,11264,736,1280,1280,10464,9026,11966
2014-05-01,May,2017-01-01,upsus,3,Yr3 and later,305,274,6281,6860,34202,1068,650,390,14773,11187,36980
2014-05-01,May,2017-01-01,upmus,3,Yr3 and later,0,0,4348,4348,39036,2603,1024,736,14197,22530,28388
2014-05-01,May,2017-01-01,midus,3,Yr3 and later,0,144,2278,2422,5722,3763,316,962,21938,15666,7585
2014-05-01,May,2017-01-01,ecous,3,Yr3 and later,0,0,80,80,4218,4307,1018,2843,30812,32175,-3277
2014-05-01,May,2017-01-01,indus,3,Yr3 and later,900,1830,1100,3830,9699,7528,3285,2704,42345,43956,1141
2014-05-01,May,2017-01-01,totus,3,Yr3 and later,1401,4200,17629,23230,107093,21302,7827,9022,136378,136378,84596
2015-05-01,May,2015-01-01,luxus,0,Current year,704,0,0,704,2225,0,261,377,3098,3899,1308
2015-05-01,May,2015-01-01,upuus,0,Current year,5679,0,0,5679,7882,221,478,254,14012,9733,12164
2015-05-01,May,2015-01-01,upsus,0,Current year,26943,0,0,26943,26980,536,635,884,11894,11947,26142
2015-05-01,May,2015-01-01,upmus,0,Current year,25087,0,0,25087,29135,1485,769,1114,18702,33153,12854
2015-05-01,May,2015-01-01,midus,0,Current year,3611,0,0,3611,6611,2538,620,1416,27398,26310,4365
2015-05-01,May,2015-01-01,ecous,0,Current year,552,0,0,552,4118,4078,636,2950,43566,42674,-1382
2015-05-01,May,2015-01-01,indus,0,Current year,9533,0,0,9533,9813,15334,3209,3979,63593,54547,2755
2015-05-01,May,2015-01-01,totus,0,Current year,72109,0,0,72109,86764,24192,6608,10974,182263,182263,58206
2015-05-01,May,2016-01-01,luxus,1,Yr1 (Next year),1265,1285,435,2985,3999,9,331,272,2283,2221,4111
2015-05-01,May,2016-01-01,upuus,1,Yr1 (Next year),5567,3066,281,8914,8576,248,601,1139,11679,8004,11465
2015-05-01,May,2016-01-01,upsus,1,Yr1 (Next year),18857,26765,5751,51373,31523,298,636,809,16687,7064,40675
2015-05-01,May,2016-01-01,upmus,1,Yr1 (Next year),12969,42952,9836,65757,39904,1750,774,590,14921,29210,24049
2015-05-01,May,2016-01-01,midus,1,Yr1 (Next year),924,9440,4446,14810,4661,2555,407,1024,25420,23268,3641
2015-05-01,May,2016-01-01,ecous,1,Yr1 (Next year),280,610,462,1352,5001,4420,1047,2882,54076,51842,980
2015-05-01,May,2016-01-01,indus,1,Yr1 (Next year),4730,7471,3885,16086,8418,11856,3413,4044,50352,53809,-7526
2015-05-01,May,2016-01-01,totus,1,Yr1 (Next year),44592,91589,25096,161277,102082,21136,7209,10760,175418,175418,77395
2015-05-01,May,2017-01-01,luxus,2,Yr2 (Year after next),2385,670,1571,4626,2952,1297,254,107,1849,1838,1813
2015-05-01,May,2017-01-01,upuus,2,Yr2 (Year after next),2211,6515,3615,12341,11264,736,1280,1280,10464,9026,11966
2015-05-01,May,2017-01-01,upsus,2,Yr2 (Year after next),844,27358,12803,41005,34202,1068,650,390,14773,11187,36980
2015-05-01,May,2017-01-01,upmus,2,Yr2 (Year after next),450,18644,16931,36025,39036,2603,1024,736,14197,22530,28388
2015-05-01,May,2017-01-01,midus,2,Yr2 (Year after next),59,80,6056,6195,5722,3763,316,962,21938,15666,7585
2015-05-01,May,2017-01-01,ecous,2,Yr2 (Year after next),0,291,612,903,4218,4307,1018,2843,30812,32175,-3277
2015-05-01,May,2017-01-01,indus,2,Yr2 (Year after next),1355,4512,4141,10008,9699,7528,3285,2704,42345,43956,1141
2015-05-01,May,2017-01-01,totus,2,Yr2 (Year after next),7304,58070,45729,111103,107093,21302,7827,9022,136378,136378,84596
2015-05-01,May,2018-01-01,luxus,3,Yr3 and later,728,369,170,1267,NA,NA,NA,NA,NA,NA,NA
2015-05-01,May,2018-01-01,upuus,3,Yr3 and later,0,1464,2510,3974,NA,NA,NA,NA,NA,NA,NA
2015-05-01,May,2018-01-01,upsus,3,Yr3 and later,1133,1128,5499,7760,NA,NA,NA,NA,NA,NA,NA
2015-05-01,May,2018-01-01,upmus,3,Yr3 and later,0,397,5677,6074,NA,NA,NA,NA,NA,NA,NA
2015-05-01,May,2018-01-01,midus,3,Yr3 and later,0,135,600,735,NA,NA,NA,NA,NA,NA,NA
2015-05-01,May,2018-01-01,ecous,3,Yr3 and later,0,0,80,80,NA,NA,NA,NA,NA,NA,NA
2015-05-01,May,2018-01-01,indus,3,Yr3 and later,3683,400,1066,5149,NA,NA,NA,NA,NA,NA,NA
2015-05-01,May,2018-01-01,totus,3,Yr3 and later,5544,3893,15602,25039,NA,NA,NA,NA,NA,NA,NA
2016-05-01,May,2016-01-01,luxus,0,Current year,3526,0,0,3526,3999,9,331,272,2283,2221,4111
2016-05-01,May,2016-01-01,upuus,0,Current year,4832,0,0,4832,8576,248,601,1139,11679,8004,11465
2016-05-01,May,2016-01-01,upsus,0,Current year,24706,0,0,24706,31523,298,636,809,16687,7064,40675
2016-05-01,May,2016-01-01,upmus,0,Current year,20701,0,0,20701,39904,1750,774,590,14921,29210,24049
2016-05-01,May,2016-01-01,midus,0,Current year,5221,0,0,5221,4661,2555,407,1024,25420,23268,3641
2016-05-01,May,2016-01-01,ecous,0,Current year,1005,0,0,1005,5001,4420,1047,2882,54076,51842,980
2016-05-01,May,2016-01-01,indus,0,Current year,10399,0,0,10399,8418,11856,3413,4044,50352,53809,-7526
2016-05-01,May,2016-01-01,totus,0,Current year,70390,0,0,70390,102082,21136,7209,10760,175418,175418,77395
2016-05-01,May,2017-01-01,luxus,1,Yr1 (Next year),3025,220,180,3425,2952,1297,254,107,1849,1838,1813
2016-05-01,May,2017-01-01,upuus,1,Yr1 (Next year),6965,4300,2115,13380,11264,736,1280,1280,10464,9026,11966
2016-05-01,May,2017-01-01,upsus,1,Yr1 (Next year),23427,30322,10554,64303,34202,1068,650,390,14773,11187,36980
2016-05-01,May,2017-01-01,upmus,1,Yr1 (Next year),18729,39797,24033,82559,39036,2603,1024,736,14197,22530,28388
2016-05-01,May,2017-01-01,midus,1,Yr1 (Next year),798,4204,11653,16655,5722,3763,316,962,21938,15666,7585
2016-05-01,May,2017-01-01,ecous,1,Yr1 (Next year),139,274,348,761,4218,4307,1018,2843,30812,32175,-3277
2016-05-01,May,2017-01-01,indus,1,Yr1 (Next year),6946,12388,4078,23412,9699,7528,3285,2704,42345,43956,1141
2016-05-01,May,2017-01-01,totus,1,Yr1 (Next year),60029,91505,52961,204495,107093,21302,7827,9022,136378,136378,84596
2016-05-01,May,2018-01-01,luxus,2,Yr2 (Year after next),897,2252,817,3966,NA,NA,NA,NA,NA,NA,NA
2016-05-01,May,2018-01-01,upuus,2,Yr2 (Year after next),4377,10532,3527,18436,NA,NA,NA,NA,NA,NA,NA
2016-05-01,May,2018-01-01,upsus,2,Yr2 (Year after next),8856,26573,12065,47494,NA,NA,NA,NA,NA,NA,NA
2016-05-01,May,2018-01-01,upmus,2,Yr2 (Year after next),13060,20492,25400,58952,NA,NA,NA,NA,NA,NA,NA
2016-05-01,May,2018-01-01,midus,2,Yr2 (Year after next),0,0,7224,7224,NA,NA,NA,NA,NA,NA,NA
2016-05-01,May,2018-01-01,ecous,2,Yr2 (Year after next),0,85,0,85,NA,NA,NA,NA,NA,NA,NA
2016-05-01,May,2018-01-01,indus,2,Yr2 (Year after next),4289,2882,4040,11211,NA,NA,NA,NA,NA,NA,NA
2016-05-01,May,2018-01-01,totus,2,Yr2 (Year after next),31479,62816,53073,147368,NA,NA,NA,NA,NA,NA,NA
2016-05-01,May,2019-01-01,luxus,3,Yr3 and later,435,650,300,1385,NA,NA,NA,NA,NA,NA,NA
2016-05-01,May,2019-01-01,upuus,3,Yr3 and later,612,1228,2200,4040,NA,NA,NA,NA,NA,NA,NA
2016-05-01,May,2019-01-01,upsus,3,Yr3 and later,1226,2053,3512,6791,NA,NA,NA,NA,NA,NA,NA
2016-05-01,May,2019-01-01,upmus,3,Yr3 and later,689,382,4397,5468,NA,NA,NA,NA,NA,NA,NA
2016-05-01,May,2019-01-01,midus,3,Yr3 and later,0,0,3099,3099,NA,NA,NA,NA,NA,NA,NA
2016-05-01,May,2019-01-01,ecous,3,Yr3 and later,0,0,80,80,NA,NA,NA,NA,NA,NA,NA
2016-05-01,May,2019-01-01,indus,3,Yr3 and later,0,180,4742,4922,NA,NA,NA,NA,NA,NA,NA
2016-05-01,May,2019-01-01,totus,3,Yr3 and later,2962,4493,18330,25785,NA,NA,NA,NA,NA,NA,NA
2014-09-01,Sep,2014-01-01,luxus,0,Current year,0,0,0,0,1106,0,274,105,4073,2390,2958
2014-09-01,Sep,2014-01-01,upuus,0,Current year,1352,0,0,1352,4150,638,550,455,8816,7311,5112
2014-09-01,Sep,2014-01-01,upsus,0,Current year,9023,0,0,9023,19936,783,580,739,11371,9266,21099
2014-09-01,Sep,2014-01-01,upmus,0,Current year,10584,0,0,10584,23563,2041,917,1187,24381,35618,10015
2014-09-01,Sep,2014-01-01,midus,0,Current year,2660,0,0,2660,4273,3131,591,1434,26612,30681,-3770
2014-09-01,Sep,2014-01-01,ecous,0,Current year,346,0,0,346,3780,4853,1337,3303,45648,43992,-1383
2014-09-01,Sep,2014-01-01,indus,0,Current year,4500,0,0,4500,7173,20341,5651,4538,67075,58718,-3698
2014-09-01,Sep,2014-01-01,totus,0,Current year,28465,0,0,28465,63981,31787,9900,11761,187976,187976,30333
2014-09-01,Sep,2015-01-01,luxus,1,Yr1 (Next year),2626,0,0,2626,2225,0,261,377,3098,3899,1308
2014-09-01,Sep,2015-01-01,upuus,1,Yr1 (Next year),6790,1398,0,8188,7882,221,478,254,14012,9733,12164
2014-09-01,Sep,2015-01-01,upsus,1,Yr1 (Next year),29856,9363,2253,41472,26980,536,635,884,11894,11947,26142
2014-09-01,Sep,2015-01-01,upmus,1,Yr1 (Next year),20740,22796,6184,49720,29135,1485,769,1114,18702,33153,12854
2014-09-01,Sep,2015-01-01,midus,1,Yr1 (Next year),2581,7847,1267,11695,6611,2538,620,1416,27398,26310,4365
2014-09-01,Sep,2015-01-01,ecous,1,Yr1 (Next year),328,713,397,1438,4118,4078,636,2950,43566,42674,-1382
2014-09-01,Sep,2015-01-01,indus,1,Yr1 (Next year),7966,4243,2150,14359,9813,15334,3209,3979,63593,54547,2755
2014-09-01,Sep,2015-01-01,totus,1,Yr1 (Next year),70887,46360,12251,129498,86764,24192,6608,10974,182263,182263,58206
2014-09-01,Sep,2016-01-01,luxus,2,Yr2 (Year after next),535,1966,264,2765,3999,9,331,272,2283,2221,4111
2014-09-01,Sep,2016-01-01,upuus,2,Yr2 (Year after next),2810,3513,2100,8423,8576,248,601,1139,11679,8004,11465
2014-09-01,Sep,2016-01-01,upsus,2,Yr2 (Year after next),3502,20040,14135,37677,31523,298,636,809,16687,7064,40675
2014-09-01,Sep,2016-01-01,upmus,2,Yr2 (Year after next),710,12313,32245,45268,39904,1750,774,590,14921,29210,24049
2014-09-01,Sep,2016-01-01,midus,2,Yr2 (Year after next),0,2378,4246,6624,4661,2555,407,1024,25420,23268,3641
2014-09-01,Sep,2016-01-01,ecous,2,Yr2 (Year after next),0,0,394,394,5001,4420,1047,2882,54076,51842,980
2014-09-01,Sep,2016-01-01,indus,2,Yr2 (Year after next),2576,9864,5010,17450,8418,11856,3413,4044,50352,53809,-7526
2014-09-01,Sep,2016-01-01,totus,2,Yr2 (Year after next),10133,50074,58394,118601,102082,21136,7209,10760,175418,175418,77395
2014-09-01,Sep,2017-01-01,luxus,3,Yr3 and later,222,1036,1007,2265,2952,1297,254,107,1849,1838,1813
2014-09-01,Sep,2017-01-01,upuus,3,Yr3 and later,196,2513,5741,8450,11264,736,1280,1280,10464,9026,11966
2014-09-01,Sep,2017-01-01,upsus,3,Yr3 and later,608,1417,12521,14546,34202,1068,650,390,14773,11187,36980
2014-09-01,Sep,2017-01-01,upmus,3,Yr3 and later,0,575,9260,9835,39036,2603,1024,736,14197,22530,28388
2014-09-01,Sep,2017-01-01,midus,3,Yr3 and later,0,80,2567,2647,5722,3763,316,962,21938,15666,7585
2014-09-01,Sep,2017-01-01,ecous,3,Yr3 and later,0,0,112,112,4218,4307,1018,2843,30812,32175,-3277
2014-09-01,Sep,2017-01-01,indus,3,Yr3 and later,0,2574,2165,4739,9699,7528,3285,2704,42345,43956,1141
2014-09-01,Sep,2017-01-01,totus,3,Yr3 and later,1026,8195,33373,42594,107093,21302,7827,9022,136378,136378,84596
2015-09-01,Sep,2015-01-01,luxus,0,Current year,844,0,0,844,2225,0,261,377,3098,3899,1308
2015-09-01,Sep,2015-01-01,upuus,0,Current year,2510,0,0,2510,7882,221,478,254,14012,9733,12164
2015-09-01,Sep,2015-01-01,upsus,0,Current year,12232,0,0,12232,26980,536,635,884,11894,11947,26142
2015-09-01,Sep,2015-01-01,upmus,0,Current year,13469,0,0,13469,29135,1485,769,1114,18702,33153,12854
2015-09-01,Sep,2015-01-01,midus,0,Current year,2234,0,0,2234,6611,2538,620,1416,27398,26310,4365
2015-09-01,Sep,2015-01-01,ecous,0,Current year,1268,0,0,1268,4118,4078,636,2950,43566,42674,-1382
2015-09-01,Sep,2015-01-01,indus,0,Current year,6006,0,0,6006,9813,15334,3209,3979,63593,54547,2755
2015-09-01,Sep,2015-01-01,totus,0,Current year,38563,0,0,38563,86764,24192,6608,10974,182263,182263,58206
2015-09-01,Sep,2016-01-01,luxus,1,Yr1 (Next year),1970,1285,150,3405,3999,9,331,272,2283,2221,4111
2015-09-01,Sep,2016-01-01,upuus,1,Yr1 (Next year),6816,2332,428,9576,8576,248,601,1139,11679,8004,11465
2015-09-01,Sep,2016-01-01,upsus,1,Yr1 (Next year),30597,9984,1557,42138,31523,298,636,809,16687,7064,40675
2015-09-01,Sep,2016-01-01,upmus,1,Yr1 (Next year),28356,24385,3559,56300,39904,1750,774,590,14921,29210,24049
2015-09-01,Sep,2016-01-01,midus,1,Yr1 (Next year),2516,9694,1985,14195,4661,2555,407,1024,25420,23268,3641
2015-09-01,Sep,2016-01-01,ecous,1,Yr1 (Next year),493,440,442,1375,5001,4420,1047,2882,54076,51842,980
2015-09-01,Sep,2016-01-01,indus,1,Yr1 (Next year),6187,6024,2431,14642,8418,11856,3413,4044,50352,53809,-7526
2015-09-01,Sep,2016-01-01,totus,1,Yr1 (Next year),76935,54144,10552,141631,102082,21136,7209,10760,175418,175418,77395
2015-09-01,Sep,2017-01-01,luxus,2,Yr2 (Year after next),2385,670,858,3913,2952,1297,254,107,1849,1838,1813
2015-09-01,Sep,2017-01-01,upuus,2,Yr2 (Year after next),2572,8097,2510,13179,11264,736,1280,1280,10464,9026,11966
2015-09-01,Sep,2017-01-01,upsus,2,Yr2 (Year after next),2521,41178,12789,56488,34202,1068,650,390,14773,11187,36980
2015-09-01,Sep,2017-01-01,upmus,2,Yr2 (Year after next),1044,38725,21010,60779,39036,2603,1024,736,14197,22530,28388
2015-09-01,Sep,2017-01-01,midus,2,Yr2 (Year after next),227,255,7366,7848,5722,3763,316,962,21938,15666,7585
2015-09-01,Sep,2017-01-01,ecous,2,Yr2 (Year after next),0,291,784,1075,4218,4307,1018,2843,30812,32175,-3277
2015-09-01,Sep,2017-01-01,indus,2,Yr2 (Year after next),2081,5637,4696,12414,9699,7528,3285,2704,42345,43956,1141
2015-09-01,Sep,2017-01-01,totus,2,Yr2 (Year after next),10830,94853,50013,155696,107093,21302,7827,9022,136378,136378,84596
2015-09-01,Sep,2018-01-01,luxus,3,Yr3 and later,728,835,1787,3350,NA,NA,NA,NA,NA,NA,NA
2015-09-01,Sep,2018-01-01,upuus,3,Yr3 and later,0,3086,3093,6179,NA,NA,NA,NA,NA,NA,NA
2015-09-01,Sep,2018-01-01,upsus,3,Yr3 and later,898,3355,8015,12268,NA,NA,NA,NA,NA,NA,NA
2015-09-01,Sep,2018-01-01,upmus,3,Yr3 and later,0,2197,8392,10589,NA,NA,NA,NA,NA,NA,NA
2015-09-01,Sep,2018-01-01,midus,3,Yr3 and later,0,0,1183,1183,NA,NA,NA,NA,NA,NA,NA
2015-09-01,Sep,2018-01-01,ecous,3,Yr3 and later,0,0,343,343,NA,NA,NA,NA,NA,NA,NA
2015-09-01,Sep,2018-01-01,indus,3,Yr3 and later,4289,2032,2264,8585,NA,NA,NA,NA,NA,NA,NA
2015-09-01,Sep,2018-01-01,totus,3,Yr3 and later,5915,11505,25077,42497,NA,NA,NA,NA,NA,NA,NA
2016-09-01,Sep,2016-01-01,luxus,0,Current year,1097,0,0,1097,3999,9,331,272,2283,2221,4111
2016-09-01,Sep,2016-01-01,upuus,0,Current year,4069,0,0,4069,8576,248,601,1139,11679,8004,11465
2016-09-01,Sep,2016-01-01,upsus,0,Current year,14222,0,0,14222,31523,298,636,809,16687,7064,40675
2016-09-01,Sep,2016-01-01,upmus,0,Current year,17611,0,0,17611,39904,1750,774,590,14921,29210,24049
2016-09-01,Sep,2016-01-01,midus,0,Current year,3640,0,0,3640,4661,2555,407,1024,25420,23268,3641
2016-09-01,Sep,2016-01-01,ecous,0,Current year,847,0,0,847,5001,4420,1047,2882,54076,51842,980
2016-09-01,Sep,2016-01-01,indus,0,Current year,7767,0,0,7767,8418,11856,3413,4044,50352,53809,-7526
2016-09-01,Sep,2016-01-01,totus,0,Current year,49253,0,0,49253,102082,21136,7209,10760,175418,175418,77395
2016-09-01,Sep,2017-01-01,luxus,1,Yr1 (Next year),3149,220,180,3549,2952,1297,254,107,1849,1838,1813
2016-09-01,Sep,2017-01-01,upuus,1,Yr1 (Next year),11063,2778,870,14711,11264,736,1280,1280,10464,9026,11966
2016-09-01,Sep,2017-01-01,upsus,1,Yr1 (Next year),41411,10511,4517,56439,34202,1068,650,390,14773,11187,36980
2016-09-01,Sep,2017-01-01,upmus,1,Yr1 (Next year),36063,24465,9117,69645,39036,2603,1024,736,14197,22530,28388
2016-09-01,Sep,2017-01-01,midus,1,Yr1 (Next year),3298,7358,6454,17110,5722,3763,316,962,21938,15666,7585
2016-09-01,Sep,2017-01-01,ecous,1,Yr1 (Next year),2291,501,231,3023,4218,4307,1018,2843,30812,32175,-3277
2016-09-01,Sep,2017-01-01,indus,1,Yr1 (Next year),10518,10408,3251,24177,9699,7528,3285,2704,42345,43956,1141
2016-09-01,Sep,2017-01-01,totus,1,Yr1 (Next year),107793,56241,24620,188654,107093,21302,7827,9022,136378,136378,84596
2016-09-01,Sep,2018-01-01,luxus,2,Yr2 (Year after next),1419,1472,1199,4090,NA,NA,NA,NA,NA,NA,NA
2016-09-01,Sep,2018-01-01,upuus,2,Yr2 (Year after next),6779,8606,3912,19297,NA,NA,NA,NA,NA,NA,NA
2016-09-01,Sep,2018-01-01,upsus,2,Yr2 (Year after next),4995,43013,13482,61490,NA,NA,NA,NA,NA,NA,NA
2016-09-01,Sep,2018-01-01,upmus,2,Yr2 (Year after next),1905,48033,28504,78442,NA,NA,NA,NA,NA,NA,NA
2016-09-01,Sep,2018-01-01,midus,2,Yr2 (Year after next),0,5845,11847,17692,NA,NA,NA,NA,NA,NA,NA
2016-09-01,Sep,2018-01-01,ecous,2,Yr2 (Year after next),0,85,826,911,NA,NA,NA,NA,NA,NA,NA
2016-09-01,Sep,2018-01-01,indus,2,Yr2 (Year after next),4659,3224,5053,12936,NA,NA,NA,NA,NA,NA,NA
2016-09-01,Sep,2018-01-01,totus,2,Yr2 (Year after next),19757,110278,64823,194858,NA,NA,NA,NA,NA,NA,NA
2016-09-01,Sep,2019-01-01,luxus,3,Yr3 and later,285,1663,923,2871,NA,NA,NA,NA,NA,NA,NA
2016-09-01,Sep,2019-01-01,upuus,3,Yr3 and later,542,4641,2407,7590,NA,NA,NA,NA,NA,NA,NA
2016-09-01,Sep,2019-01-01,upsus,3,Yr3 and later,537,9751,9757,20045,NA,NA,NA,NA,NA,NA,NA
2016-09-01,Sep,2019-01-01,upmus,3,Yr3 and later,112,3081,7964,11157,NA,NA,NA,NA,NA,NA,NA
2016-09-01,Sep,2019-01-01,midus,3,Yr3 and later,0,1422,1465,2887,NA,NA,NA,NA,NA,NA,NA
2016-09-01,Sep,2019-01-01,ecous,3,Yr3 and later,0,0,207,207,NA,NA,NA,NA,NA,NA,NA
2016-09-01,Sep,2019-01-01,indus,3,Yr3 and later,0,380,5742,6122,NA,NA,NA,NA,NA,NA,NA
2016-09-01,Sep,2019-01-01,totus,3,Yr3 and later,1476,20938,28465,50879,NA,NA,NA,NA,NA,NA,NA
2017-09-01,Sep,2017-01-01,luxus,0,Current year,1616,0,0,1616,2952,1297,254,107,1849,1838,1813
2017-09-01,Sep,2017-01-01,upuus,0,Current year,5012,0,0,5012,11264,736,1280,1280,10464,9026,11966
2017-09-01,Sep,2017-01-01,upsus,0,Current year,18279,0,0,18279,34202,1068,650,390,14773,11187,36980
2017-09-01,Sep,2017-01-01,upmus,0,Current year,19970,0,0,19970,39036,2603,1024,736,14197,22530,28388
2017-09-01,Sep,2017-01-01,midus,0,Current year,3391,0,0,3391,5722,3763,316,962,21938,15666,7585
2017-09-01,Sep,2017-01-01,ecous,0,Current year,2011,0,0,2011,4218,4307,1018,2843,30812,32175,-3277
2017-09-01,Sep,2017-01-01,indus,0,Current year,8021,0,0,8021,9699,7528,3285,2704,42345,43956,1141
2017-09-01,Sep,2017-01-01,totus,0,Current year,58300,0,0,58300,107093,21302,7827,9022,136378,136378,84596
2017-09-01,Sep,2018-01-01,luxus,1,Yr1 (Next year),4362,555,0,4917,NA,NA,NA,NA,NA,NA,NA
2017-09-01,Sep,2018-01-01,upuus,1,Yr1 (Next year),15018,3379,560,18957,NA,NA,NA,NA,NA,NA,NA
2017-09-01,Sep,2018-01-01,upsus,1,Yr1 (Next year),34119,4906,2873,41898,NA,NA,NA,NA,NA,NA,NA
2017-09-01,Sep,2018-01-01,upmus,1,Yr1 (Next year),39799,11697,4829,56325,NA,NA,NA,NA,NA,NA,NA
2017-09-01,Sep,2018-01-01,midus,1,Yr1 (Next year),6162,13324,297,19783,NA,NA,NA,NA,NA,NA,NA
2017-09-01,Sep,2018-01-01,ecous,1,Yr1 (Next year),560,357,1660,2577,NA,NA,NA,NA,NA,NA,NA
2017-09-01,Sep,2018-01-01,indus,1,Yr1 (Next year),7272,4417,2807,14496,NA,NA,NA,NA,NA,NA,NA
2017-09-01,Sep,2018-01-01,totus,1,Yr1 (Next year),107292,38635,13026,158953,NA,NA,NA,NA,NA,NA,NA
2017-09-01,Sep,2019-01-01,luxus,2,Yr2 (Year after next),2314,1692,1254,5260,NA,NA,NA,NA,NA,NA,NA
2017-09-01,Sep,2019-01-01,upuus,2,Yr2 (Year after next),3643,12207,2615,18465,NA,NA,NA,NA,NA,NA,NA
2017-09-01,Sep,2019-01-01,upsus,2,Yr2 (Year after next),6696,57215,13544,77455,NA,NA,NA,NA,NA,NA,NA
2017-09-01,Sep,2019-01-01,upmus,2,Yr2 (Year after next),3880,67158,21940,92978,NA,NA,NA,NA,NA,NA,NA
2017-09-01,Sep,2019-01-01,midus,2,Yr2 (Year after next),174,17029,10084,27287,NA,NA,NA,NA,NA,NA,NA
2017-09-01,Sep,2019-01-01,ecous,2,Yr2 (Year after next),0,122,1081,1203,NA,NA,NA,NA,NA,NA,NA
2017-09-01,Sep,2019-01-01,indus,2,Yr2 (Year after next),1362,3415,1824,6601,NA,NA,NA,NA,NA,NA,NA
2017-09-01,Sep,2019-01-01,totus,2,Yr2 (Year after next),18069,158838,52342,229249,NA,NA,NA,NA,NA,NA,NA
2017-09-01,Sep,2020-01-01,luxus,3,Yr3 and later,300,1513,620,2433,NA,NA,NA,NA,NA,NA,NA
2017-09-01,Sep,2020-01-01,upuus,3,Yr3 and later,561,4869,3839,9269,NA,NA,NA,NA,NA,NA,NA
2017-09-01,Sep,2020-01-01,upsus,3,Yr3 and later,317,6286,13010,19613,NA,NA,NA,NA,NA,NA,NA
2017-09-01,Sep,2020-01-01,upmus,3,Yr3 and later,90,2994,18201,21285,NA,NA,NA,NA,NA,NA,NA
2017-09-01,Sep,2020-01-01,midus,3,Yr3 and later,50,645,6400,7095,NA,NA,NA,NA,NA,NA,NA
2017-09-01,Sep,2020-01-01,ecous,3,Yr3 and later,0,0,567,567,NA,NA,NA,NA,NA,NA,NA
2017-09-01,Sep,2020-01-01,indus,3,Yr3 and later,3500,125,6690,10315,NA,NA,NA,NA,NA,NA,NA
2017-09-01,Sep,2020-01-01,totus,3,Yr3 and later,4818,16432,49327,70577,NA,NA,NA,NA,NA,NA,NA
2013-11-01,Nov,2013-01-01,luxus,0,Current year,0,0,0,0,1198,277,103,140,2674,2047,1511
2013-11-01,Nov,2013-01-01,upuus,0,Current year,307,0,0,307,4607,402,978,1312,14334,12194,6011
2013-11-01,Nov,2013-01-01,upsus,0,Current year,1429,0,0,1429,16972,1034,488,1718,20851,10701,24858
2013-11-01,Nov,2013-01-01,upmus,0,Current year,1666,0,0,1666,19839,1095,795,972,21700,37457,2810
2013-11-01,Nov,2013-01-01,midus,0,Current year,764,0,0,764,3431,1830,516,1561,23149,25631,-1926
2013-11-01,Nov,2013-01-01,ecous,0,Current year,320,0,0,320,2970,5261,1442,3274,60510,54321,2066
2013-11-01,Nov,2013-01-01,indus,0,Current year,717,0,0,717,8307,16e3,2795,5119,63476,64343,-10884
2013-11-01,Nov,2013-01-01,totus,0,Current year,5203,0,0,5203,57324,25899,7117,14096,206694,206694,24446
2013-11-01,Nov,2014-01-01,luxus,1,Yr1 (Next year),2980,0,0,2980,1106,0,274,105,4073,2390,2958
2013-11-01,Nov,2014-01-01,upuus,1,Yr1 (Next year),6512,247,0,6759,4150,638,550,455,8816,7311,5112
2013-11-01,Nov,2014-01-01,upsus,1,Yr1 (Next year),25366,603,317,26286,19936,783,580,739,11371,9266,21099
2013-11-01,Nov,2014-01-01,upmus,1,Yr1 (Next year),24374,2226,1368,27968,23563,2041,917,1187,24381,35618,10015
2013-11-01,Nov,2014-01-01,midus,1,Yr1 (Next year),3367,2439,760,6566,4273,3131,591,1434,26612,30681,-3770
2013-11-01,Nov,2014-01-01,ecous,1,Yr1 (Next year),947,60,249,1256,3780,4853,1337,3303,45648,43992,-1383
2013-11-01,Nov,2014-01-01,indus,1,Yr1 (Next year),7861,1045,1184,10090,7173,20341,5651,4538,67075,58718,-3698
2013-11-01,Nov,2014-01-01,totus,1,Yr1 (Next year),71407,6620,3878,81905,63981,31787,9900,11761,187976,187976,30333
2013-11-01,Nov,2015-01-01,luxus,2,Yr2 (Year after next),1412,57,190,1659,2225,0,261,377,3098,3899,1308
2013-11-01,Nov,2015-01-01,upuus,2,Yr2 (Year after next),1640,4615,1049,7304,7882,221,478,254,14012,9733,12164
2013-11-01,Nov,2015-01-01,upsus,2,Yr2 (Year after next),4257,33276,6170,43703,26980,536,635,884,11894,11947,26142
2013-11-01,Nov,2015-01-01,upmus,2,Yr2 (Year after next),2219,33877,17045,53141,29135,1485,769,1114,18702,33153,12854
2013-11-01,Nov,2015-01-01,midus,2,Yr2 (Year after next),90,8882,2852,11824,6611,2538,620,1416,27398,26310,4365
2013-11-01,Nov,2015-01-01,ecous,2,Yr2 (Year after next),80,285,504,869,4118,4078,636,2950,43566,42674,-1382
2013-11-01,Nov,2015-01-01,indus,2,Yr2 (Year after next),3490,8913,4537,16940,9813,15334,3209,3979,63593,54547,2755
2013-11-01,Nov,2015-01-01,totus,2,Yr2 (Year after next),13188,89905,32347,135440,86764,24192,6608,10974,182263,182263,58206
2013-11-01,Nov,2016-01-01,luxus,3,Yr3 and later,185,1306,0,1491,3999,9,331,272,2283,2221,4111
2013-11-01,Nov,2016-01-01,upuus,3,Yr3 and later,0,2399,2900,5299,8576,248,601,1139,11679,8004,11465
2013-11-01,Nov,2016-01-01,upsus,3,Yr3 and later,559,7180,8073,15812,31523,298,636,809,16687,7064,40675
2013-11-01,Nov,2016-01-01,upmus,3,Yr3 and later,87,2509,5255,7851,39904,1750,774,590,14921,29210,24049
2013-11-01,Nov,2016-01-01,midus,3,Yr3 and later,0,0,145,145,4661,2555,407,1024,25420,23268,3641
2013-11-01,Nov,2016-01-01,ecous,3,Yr3 and later,0,0,0,0,5001,4420,1047,2882,54076,51842,980
2013-11-01,Nov,2016-01-01,indus,3,Yr3 and later,900,6485,2838,10223,8418,11856,3413,4044,50352,53809,-7526
2013-11-01,Nov,2016-01-01,totus,3,Yr3 and later,1731,19879,19211,40821,102082,21136,7209,10760,175418,175418,77395
2014-11-01,Nov,2014-01-01,luxus,0,Current year,0,0,0,0,1106,0,274,105,4073,2390,2958
2014-11-01,Nov,2014-01-01,upuus,0,Current year,566,0,0,566,4150,638,550,455,8816,7311,5112
2014-11-01,Nov,2014-01-01,upsus,0,Current year,3753,0,0,3753,19936,783,580,739,11371,9266,21099
2014-11-01,Nov,2014-01-01,upmus,0,Current year,4239,0,0,4239,23563,2041,917,1187,24381,35618,10015
2014-11-01,Nov,2014-01-01,midus,0,Current year,518,0,0,518,4273,3131,591,1434,26612,30681,-3770
2014-11-01,Nov,2014-01-01,ecous,0,Current year,209,0,0,209,3780,4853,1337,3303,45648,43992,-1383
2014-11-01,Nov,2014-01-01,indus,0,Current year,2442,0,0,2442,7173,20341,5651,4538,67075,58718,-3698
2014-11-01,Nov,2014-01-01,totus,0,Current year,11727,0,0,11727,63981,31787,9900,11761,187976,187976,30333
2014-11-01,Nov,2015-01-01,luxus,1,Yr1 (Next year),2569,0,0,2569,2225,0,261,377,3098,3899,1308
2014-11-01,Nov,2015-01-01,upuus,1,Yr1 (Next year),7804,688,0,8492,7882,221,478,254,14012,9733,12164
2014-11-01,Nov,2015-01-01,upsus,1,Yr1 (Next year),34085,6287,389,40761,26980,536,635,884,11894,11947,26142
2014-11-01,Nov,2015-01-01,upmus,1,Yr1 (Next year),28668,15021,425,44114,29135,1485,769,1114,18702,33153,12854
2014-11-01,Nov,2015-01-01,midus,1,Yr1 (Next year),5045,7113,153,12311,6611,2538,620,1416,27398,26310,4365
2014-11-01,Nov,2015-01-01,ecous,1,Yr1 (Next year),446,944,50,1440,4118,4078,636,2950,43566,42674,-1382
2014-11-01,Nov,2015-01-01,indus,1,Yr1 (Next year),10657,3477,1593,15727,9813,15334,3209,3979,63593,54547,2755
2014-11-01,Nov,2015-01-01,totus,1,Yr1 (Next year),89274,33530,2610,125414,86764,24192,6608,10974,182263,182263,58206
2014-11-01,Nov,2016-01-01,luxus,2,Yr2 (Year after next),751,1773,900,3424,3999,9,331,272,2283,2221,4111
2014-11-01,Nov,2016-01-01,upuus,2,Yr2 (Year after next),3476,4591,1237,9304,8576,248,601,1139,11679,8004,11465
2014-11-01,Nov,2016-01-01,upsus,2,Yr2 (Year after next),6482,23688,16018,46188,31523,298,636,809,16687,7064,40675
2014-11-01,Nov,2016-01-01,upmus,2,Yr2 (Year after next),1103,22124,31093,54320,39904,1750,774,590,14921,29210,24049
2014-11-01,Nov,2016-01-01,midus,2,Yr2 (Year after next),90,3376,4924,8390,4661,2555,407,1024,25420,23268,3641
2014-11-01,Nov,2016-01-01,ecous,2,Yr2 (Year after next),0,0,394,394,5001,4420,1047,2882,54076,51842,980
2014-11-01,Nov,2016-01-01,indus,2,Yr2 (Year after next),3054,10317,4632,18003,8418,11856,3413,4044,50352,53809,-7526
2014-11-01,Nov,2016-01-01,totus,2,Yr2 (Year after next),14956,65869,59198,140023,102082,21136,7209,10760,175418,175418,77395
2014-11-01,Nov,2017-01-01,luxus,3,Yr3 and later,222,1435,1990,3647,2952,1297,254,107,1849,1838,1813
2014-11-01,Nov,2017-01-01,upuus,3,Yr3 and later,496,4113,6138,10747,11264,736,1280,1280,10464,9026,11966
2014-11-01,Nov,2017-01-01,upsus,3,Yr3 and later,428,2462,17671,20561,34202,1068,650,390,14773,11187,36980
2014-11-01,Nov,2017-01-01,upmus,3,Yr3 and later,53,1510,16244,17807,39036,2603,1024,736,14197,22530,28388
2014-11-01,Nov,2017-01-01,midus,3,Yr3 and later,0,80,2664,2744,5722,3763,316,962,21938,15666,7585
2014-11-01,Nov,2017-01-01,ecous,3,Yr3 and later,0,0,147,147,4218,4307,1018,2843,30812,32175,-3277
2014-11-01,Nov,2017-01-01,indus,3,Yr3 and later,0,3075,2667,5742,9699,7528,3285,2704,42345,43956,1141
2014-11-01,Nov,2017-01-01,totus,3,Yr3 and later,1199,12675,47521,61395,107093,21302,7827,9022,136378,136378,84596
2015-11-01,Nov,2015-01-01,luxus,0,Current year,140,0,0,140,2225,0,261,377,3098,3899,1308
2015-11-01,Nov,2015-01-01,upuus,0,Current year,753,0,0,753,7882,221,478,254,14012,9733,12164
2015-11-01,Nov,2015-01-01,upsus,0,Current year,4423,0,0,4423,26980,536,635,884,11894,11947,26142
2015-11-01,Nov,2015-01-01,upmus,0,Current year,4311,0,0,4311,29135,1485,769,1114,18702,33153,12854
2015-11-01,Nov,2015-01-01,midus,0,Current year,947,0,0,947,6611,2538,620,1416,27398,26310,4365
2015-11-01,Nov,2015-01-01,ecous,0,Current year,632,0,0,632,4118,4078,636,2950,43566,42674,-1382
2015-11-01,Nov,2015-01-01,indus,0,Current year,2455,0,0,2455,9813,15334,3209,3979,63593,54547,2755
2015-11-01,Nov,2015-01-01,totus,0,Current year,13661,0,0,13661,86764,24192,6608,10974,182263,182263,58206
2015-11-01,Nov,2016-01-01,luxus,1,Yr1 (Next year),3033,435,0,3468,3999,9,331,272,2283,2221,4111
2015-11-01,Nov,2016-01-01,upuus,1,Yr1 (Next year),7056,1779,0,8835,8576,248,601,1139,11679,8004,11465
2015-11-01,Nov,2016-01-01,upsus,1,Yr1 (Next year),38942,4132,76,43150,31523,298,636,809,16687,7064,40675
2015-11-01,Nov,2016-01-01,upmus,1,Yr1 (Next year),39674,13991,60,53725,39904,1750,774,590,14921,29210,24049
2015-11-01,Nov,2016-01-01,midus,1,Yr1 (Next year),4153,7678,305,12136,4661,2555,407,1024,25420,23268,3641
2015-11-01,Nov,2016-01-01,ecous,1,Yr1 (Next year),1205,334,324,1863,5001,4420,1047,2882,54076,51842,980
2015-11-01,Nov,2016-01-01,indus,1,Yr1 (Next year),9167,4943,958,15068,8418,11856,3413,4044,50352,53809,-7526
2015-11-01,Nov,2016-01-01,totus,1,Yr1 (Next year),103230,33292,1723,138245,102082,21136,7209,10760,175418,175418,77395
2015-11-01,Nov,2017-01-01,luxus,2,Yr2 (Year after next),2887,753,180,3820,2952,1297,254,107,1849,1838,1813
2015-11-01,Nov,2017-01-01,upuus,2,Yr2 (Year after next),3742,8647,2569,14958,11264,736,1280,1280,10464,9026,11966
2015-11-01,Nov,2017-01-01,upsus,2,Yr2 (Year after next),5323,42636,14278,62237,34202,1068,650,390,14773,11187,36980
2015-11-01,Nov,2017-01-01,upmus,2,Yr2 (Year after next),3499,43135,22786,69420,39036,2603,1024,736,14197,22530,28388
2015-11-01,Nov,2017-01-01,midus,2,Yr2 (Year after next),240,1182,11144,12566,5722,3763,316,962,21938,15666,7585
2015-11-01,Nov,2017-01-01,ecous,2,Yr2 (Year after next),0,541,984,1525,4218,4307,1018,2843,30812,32175,-3277
2015-11-01,Nov,2017-01-01,indus,2,Yr2 (Year after next),2243,8335,5632,16210,9699,7528,3285,2704,42345,43956,1141
2015-11-01,Nov,2017-01-01,totus,2,Yr2 (Year after next),17934,105229,57573,180736,107093,21302,7827,9022,136378,136378,84596
2015-11-01,Nov,2018-01-01,luxus,3,Yr3 and later,876,1132,1527,3535,NA,NA,NA,NA,NA,NA,NA
2015-11-01,Nov,2018-01-01,upuus,3,Yr3 and later,288,3870,3417,7575,NA,NA,NA,NA,NA,NA,NA
2015-11-01,Nov,2018-01-01,upsus,3,Yr3 and later,872,9162,9693,19727,NA,NA,NA,NA,NA,NA,NA
2015-11-01,Nov,2018-01-01,upmus,3,Yr3 and later,75,7406,11549,19030,NA,NA,NA,NA,NA,NA,NA
2015-11-01,Nov,2018-01-01,midus,3,Yr3 and later,112,0,2157,2269,NA,NA,NA,NA,NA,NA,NA
2015-11-01,Nov,2018-01-01,ecous,3,Yr3 and later,0,0,343,343,NA,NA,NA,NA,NA,NA,NA
2015-11-01,Nov,2018-01-01,indus,3,Yr3 and later,4289,2032,3022,9343,NA,NA,NA,NA,NA,NA,NA
2015-11-01,Nov,2018-01-01,totus,3,Yr3 and later,6512,23602,31708,61822,NA,NA,NA,NA,NA,NA,NA
2016-11-01,Nov,2016-01-01,luxus,0,Current year,281,0,0,281,3999,9,331,272,2283,2221,4111
2016-11-01,Nov,2016-01-01,upuus,0,Current year,1586,0,0,1586,8576,248,601,1139,11679,8004,11465
2016-11-01,Nov,2016-01-01,upsus,0,Current year,4430,0,0,4430,31523,298,636,809,16687,7064,40675
2016-11-01,Nov,2016-01-01,upmus,0,Current year,4082,0,0,4082,39904,1750,774,590,14921,29210,24049
2016-11-01,Nov,2016-01-01,midus,0,Current year,1571,0,0,1571,4661,2555,407,1024,25420,23268,3641
2016-11-01,Nov,2016-01-01,ecous,0,Current year,247,0,0,247,5001,4420,1047,2882,54076,51842,980
2016-11-01,Nov,2016-01-01,indus,0,Current year,2400,0,0,2400,8418,11856,3413,4044,50352,53809,-7526
2016-11-01,Nov,2016-01-01,totus,0,Current year,14597,0,0,14597,102082,21136,7209,10760,175418,175418,77395
2016-11-01,Nov,2017-01-01,luxus,1,Yr1 (Next year),3674,355,180,4209,2952,1297,254,107,1849,1838,1813
2016-11-01,Nov,2017-01-01,upuus,1,Yr1 (Next year),13371,768,345,14484,11264,736,1280,1280,10464,9026,11966
2016-11-01,Nov,2017-01-01,upsus,1,Yr1 (Next year),45580,3809,1148,50537,34202,1068,650,390,14773,11187,36980
2016-11-01,Nov,2017-01-01,upmus,1,Yr1 (Next year),48922,7661,2613,59196,39036,2603,1024,736,14197,22530,28388
2016-11-01,Nov,2017-01-01,midus,1,Yr1 (Next year),6074,8199,1628,15901,5722,3763,316,962,21938,15666,7585
2016-11-01,Nov,2017-01-01,ecous,1,Yr1 (Next year),2386,1219,319,3924,4218,4307,1018,2843,30812,32175,-3277
2016-11-01,Nov,2017-01-01,indus,1,Yr1 (Next year),15498,2414,1328,19240,9699,7528,3285,2704,42345,43956,1141
2016-11-01,Nov,2017-01-01,totus,1,Yr1 (Next year),135505,24425,7561,167491,107093,21302,7827,9022,136378,136378,84596
2016-11-01,Nov,2018-01-01,luxus,2,Yr2 (Year after next),1952,643,1031,3626,NA,NA,NA,NA,NA,NA,NA
2016-11-01,Nov,2018-01-01,upuus,2,Yr2 (Year after next),7822,9702,1635,19159,NA,NA,NA,NA,NA,NA,NA
2016-11-01,Nov,2018-01-01,upsus,2,Yr2 (Year after next),9426,47998,14561,71985,NA,NA,NA,NA,NA,NA,NA
2016-11-01,Nov,2018-01-01,upmus,2,Yr2 (Year after next),5164,61293,30659,97116,NA,NA,NA,NA,NA,NA,NA
2016-11-01,Nov,2018-01-01,midus,2,Yr2 (Year after next),77,8320,13878,22275,NA,NA,NA,NA,NA,NA,NA
2016-11-01,Nov,2018-01-01,ecous,2,Yr2 (Year after next),0,85,1219,1304,NA,NA,NA,NA,NA,NA,NA
2016-11-01,Nov,2018-01-01,indus,2,Yr2 (Year after next),4889,8985,6586,20460,NA,NA,NA,NA,NA,NA,NA
2016-11-01,Nov,2018-01-01,totus,2,Yr2 (Year after next),29330,137026,69569,235925,NA,NA,NA,NA,NA,NA,NA
2016-11-01,Nov,2019-01-01,luxus,3,Yr3 and later,1398,1769,686,3853,NA,NA,NA,NA,NA,NA,NA
2016-11-01,Nov,2019-01-01,upuus,3,Yr3 and later,915,6699,3279,10893,NA,NA,NA,NA,NA,NA,NA
2016-11-01,Nov,2019-01-01,upsus,3,Yr3 and later,982,11589,11733,24304,NA,NA,NA,NA,NA,NA,NA
2016-11-01,Nov,2019-01-01,upmus,3,Yr3 and later,202,4138,13363,17703,NA,NA,NA,NA,NA,NA,NA
2016-11-01,Nov,2019-01-01,midus,3,Yr3 and later,0,0,6125,6125,NA,NA,NA,NA,NA,NA,NA
2016-11-01,Nov,2019-01-01,ecous,3,Yr3 and later,0,0,270,270,NA,NA,NA,NA,NA,NA,NA
2016-11-01,Nov,2019-01-01,indus,3,Yr3 and later,0,1395,5738,7133,NA,NA,NA,NA,NA,NA,NA
2016-11-01,Nov,2019-01-01,totus,3,Yr3 and later,3497,25590,41194,70281,NA,NA,NA,NA,NA,NA,NA
2017-11-01,Nov,2017-01-01,luxus,0,Current year,1326,0,0,1326,2952,1297,254,107,1849,1838,1813
2017-11-01,Nov,2017-01-01,upuus,0,Current year,1938,0,0,1938,11264,736,1280,1280,10464,9026,11966
2017-11-01,Nov,2017-01-01,upsus,0,Current year,5240,0,0,5240,34202,1068,650,390,14773,11187,36980
2017-11-01,Nov,2017-01-01,upmus,0,Current year,4287,0,0,4287,39036,2603,1024,736,14197,22530,28388
2017-11-01,Nov,2017-01-01,midus,0,Current year,1584,0,0,1584,5722,3763,316,962,21938,15666,7585
2017-11-01,Nov,2017-01-01,ecous,0,Current year,513,0,0,513,4218,4307,1018,2843,30812,32175,-3277
2017-11-01,Nov,2017-01-01,indus,0,Current year,2899,0,0,2899,9699,7528,3285,2704,42345,43956,1141
2017-11-01,Nov,2017-01-01,totus,0,Current year,17787,0,0,17787,107093,21302,7827,9022,136378,136378,84596
2017-11-01,Nov,2018-01-01,luxus,1,Yr1 (Next year),4234,335,0,4569,NA,NA,NA,NA,NA,NA,NA
2017-11-01,Nov,2018-01-01,upuus,1,Yr1 (Next year),16050,1698,300,18048,NA,NA,NA,NA,NA,NA,NA
2017-11-01,Nov,2018-01-01,upsus,1,Yr1 (Next year),42809,1456,510,44775,NA,NA,NA,NA,NA,NA,NA
2017-11-01,Nov,2018-01-01,upmus,1,Yr1 (Next year),50955,3210,589,54754,NA,NA,NA,NA,NA,NA,NA
2017-11-01,Nov,2018-01-01,midus,1,Yr1 (Next year),9025,7303,0,16328,NA,NA,NA,NA,NA,NA,NA
2017-11-01,Nov,2018-01-01,ecous,1,Yr1 (Next year),965,895,186,2046,NA,NA,NA,NA,NA,NA,NA
2017-11-01,Nov,2018-01-01,indus,1,Yr1 (Next year),10785,3353,2708,16846,NA,NA,NA,NA,NA,NA,NA
2017-11-01,Nov,2018-01-01,totus,1,Yr1 (Next year),134823,18250,4293,157366,NA,NA,NA,NA,NA,NA,NA
2017-11-01,Nov,2019-01-01,luxus,2,Yr2 (Year after next),3003,1442,1160,5605,NA,NA,NA,NA,NA,NA,NA
2017-11-01,Nov,2019-01-01,upuus,2,Yr2 (Year after next),4467,11265,2193,17925,NA,NA,NA,NA,NA,NA,NA
2017-11-01,Nov,2019-01-01,upsus,2,Yr2 (Year after next),8871,59182,11019,79072,NA,NA,NA,NA,NA,NA,NA
2017-11-01,Nov,2019-01-01,upmus,2,Yr2 (Year after next),8420,71054,17177,96651,NA,NA,NA,NA,NA,NA,NA
2017-11-01,Nov,2019-01-01,midus,2,Yr2 (Year after next),552,20564,9418,30534,NA,NA,NA,NA,NA,NA,NA
2017-11-01,Nov,2019-01-01,ecous,2,Yr2 (Year after next),0,209,2346,2555,NA,NA,NA,NA,NA,NA,NA
2017-11-01,Nov,2019-01-01,indus,2,Yr2 (Year after next),1362,3864,2347,7573,NA,NA,NA,NA,NA,NA,NA
2017-11-01,Nov,2019-01-01,totus,2,Yr2 (Year after next),26675,167580,45660,239915,NA,NA,NA,NA,NA,NA,NA
2017-11-01,Nov,2020-01-01,luxus,3,Yr3 and later,300,1423,703,2426,NA,NA,NA,NA,NA,NA,NA
2017-11-01,Nov,2020-01-01,upuus,3,Yr3 and later,874,5877,6863,13614,NA,NA,NA,NA,NA,NA,NA
2017-11-01,Nov,2020-01-01,upsus,3,Yr3 and later,0,10888,17098,27986,NA,NA,NA,NA,NA,NA,NA
2017-11-01,Nov,2020-01-01,upmus,3,Yr3 and later,90,9581,24993,34664,NA,NA,NA,NA,NA,NA,NA
2017-11-01,Nov,2020-01-01,midus,3,Yr3 and later,50,1188,8956,10194,NA,NA,NA,NA,NA,NA,NA
2017-11-01,Nov,2020-01-01,ecous,3,Yr3 and later,0,0,507,507,NA,NA,NA,NA,NA,NA,NA
2017-11-01,Nov,2020-01-01,indus,3,Yr3 and later,3500,125,7185,10810,NA,NA,NA,NA,NA,NA,NA
2017-11-01,Nov,2020-01-01,totus,3,Yr3 and later,4814,29082,66305,100201,NA,NA,NA,NA,NA,NA,NA
